stdnt_id,schl_id,sample,grade,gender,poverty,race,minority,disabili,foodsecu,ses,kfall_ma,ksprng_m,g1fall_m,g1sprng_,g3Math,kfall_re,ksprng_r,g1fall_r,g1sprn_1,g3Read,schl_typ,s2kminor,pcnt_flu,pcnt_rlu,filter_$,racenew,passmath1,int
20,0002,1,4,2,2,1,1,2, , ,20.14,30.45, ,48.9,74.13,21.74,32.37, ,61.33,96.16,4,1,46.2,8.77, ,1,0,1
29,0006,1,4,1,2,1,1,2, ,.83,29.51,37.27, ,81.61,93.36,32.74,41.8, ,61.26,101.43,4,1,7.46,7.22,1,1,0,1
88,0011,2,4,2,2,1,1,2, , ,32.69,34.1, ,58.9,92.99,41.36,62.93, ,107.4,136.35,4,1,17.21,10.39, ,1,0,1
95,0011,1,4,1,2,1,1,2, , ,15.14,27, ,43.59,73.11,25.2,28.22, ,55.56,90.99,4,1,17.21,10.39, ,1,0,1
152,0020,1,4,1,2,1,1,1, , ,17.96,23.22, ,35.3,53.96,25.01,29.01, ,40.58,60.02,4,1,-9,-9, ,1,0,1
165,0022,2,4,1,2,1,1,2, ,.15,16.52,21,34.79,42.91,86.37,23.82,40.34,46.05,61.99,125.25,4,1,16.29,7.17,1,1,0,1
172,0022,1,4,1,2,1,1,1, ,1.91,23.31,35.55,34.69,48.02,94.84,21.02,39.15,43.14,48.16,102.78,4,1,16.29,7.17,1,1,0,1
173,0023,1,4,1,2,1,1,1,4.8, ,14.83,24.54,26.86,42.91,94.52,16.9,28.2,40.11,56.28,124.48,4,1,29.5,10.76, ,1,0,1
218,0026,2,4,2,2,1,1,2, ,.68,24.8,40.23, ,54.08,98.48,39.87,40.62, ,54.07,124.78, , , , ,1,1,0,1
220,0026,1,4,2,2,1,1,1, ,1.14,29.03,34.05, ,80.67,101.57,36.34,42.81, ,101.76,139.21, , , , ,1,1,1,1
221,0026,1,4,2,2,1,1,2, , ,18.16,28.69, ,57.05,85.48,22.6,38.47, ,99.37,125.25, , , , , ,1,0,1
222,0026,1,4,1,2,1,1,1, , ,20.96,31.18, ,45.33,76.86,32.69,35.5, ,58,110.29, , , , , ,1,0,1
225,0028,2,4,1,2,1,1,2,1.4,.11,20.28,34.44,40.33,54.11,98.76,24.38,39.45,53.78,94.57,101.49,1,1,0,0,1,1,0,1
227,0028,1,4,1,2,1,1,2, , ,47.26,58.97,49.27,78.26,98.5,50.21,75.74,77.28,106.03,138.18,1,1,0,0, ,1,0,1
228,0028,1,4,2,2,1,1,2, ,1.21,25.45,32.19,38.84,78.21,79.19,37.76,46.18,55.33,83.45,129.56,1,1,0,0,1,1,0,1
258,0033,2,4,2,2,1,1,2, ,.14,20.08,22.69, ,46.2,92.43,24.05,25.16, ,59.43,123.42,4,1,3.75,2.04,1,1,0,1
289,0036,2,4,2,1,2,2,2, , ,11.97,19.44, ,37.49,66.92,20.89,26.71, ,46.87,76.74,4,3,23.43,5.45, ,2,0,1
317,0038,2,4,1,1,2,2, , , ,38.18,42, ,63.19,104.84,69.06,78.15, ,108.77,131.94, , , , , ,2,1,1
324,0038,2,4,2,2,1,1,1,1.4, ,31.48,37.49, ,57.01,91.77,23.16,38.56, ,66.34,104.13, , , , , ,1,0,1
329,0038,1,4,2,2,1,1,1, , , , , ,17.88,55.63, , , ,29.3,79.81, , , , , ,1,0,1
371,0041,1,4,2,2,1,1,2, ,1.77,43.93,67.59, ,89.48,115.12,65.03,81.94, ,115.31,140.57,2,1,0,0,1,1,1,1
444,0046,2,4,1,2,2,2,2, , ,19.68,24.92, ,45.5,49.12,24.06,28.05, ,53.28,87.1,4,5,93,23, ,2,0,1
447,0046,1,4,1,2,2,2, , , ,18.27,22.23, ,44.07,65.56,25.19,25, ,55.79,103.59,4,5,93,23, ,2,0,1
472,0051,1,4,2,2,1,1,2, ,.51,17.66,26.95, ,53.17,89.47,24.43,35.89, ,54.95,113.38,1,1,-9,-9,1,1,0,1
476,0051,2,4,2,2,1,1,2, ,.23,25.92,36.51, ,59.68,93.94,33.93,50.27, ,76.98,124.99,1,1,-9,-9,1,1,0,1
513,0053,1,4,1,2,1,1,2, ,.96,43.72,51.68,59.84,82.17,107.93,41.3,44.26,43.92,74.65,130.17,4,1,.15,.15,1,1,1,1
12338,0054,2,4,1,2,1,1,2, ,1.58,18.26,28.12,27.59,62.76,83.56,27.57,29.68,34.05,46.06,73.39, , , , ,1,1,0,1
12341,0054,1,4,1,2,1,1,2, ,.57,34.2,39.27,45.73,68.06,103.87,34.86,45.64,45.01,81.68,124.65, , , , ,1,1,1,1
549,0055,2,4,1,2,1,1,2, , ,37,40,47.5,72.05,108.52,35.25,41.46,47.83,87.11,122.88,4,1,4.73,.95, ,1,1,1
561,0056,1,4,1,2,1,1,2, ,.2,18.48,19.05,32.82,49.25,95.32,26.09,25.14,38.07,67.84,133.94,4,1,-9,-9,1,1,0,1
567,0057,1,4,1,2,1,1,2, ,.39,27.55,37.28,41.32,59.01,110.55,25.93,40.06,43.96,78.92,118.59,4,1,-9,-9,1,1,1,1
617,0064,2,4,1,1,3,1,1, , ,11.81,21.48, ,39.03,89.56, , , ,42.18,91.83,4,5,-9,-9, ,4,0,1
669,0068,1,4,1,2,1,1,1, , ,14.11,23.18, ,45.9,71.1,24.46,31.14, ,63.38,102.35, , , , , ,1,0,1
793,0081,1,4,2,2,1,1,2, ,1.69,13.77,22.18, ,40.11,73.83,26.96,39.45, ,54.03,108.5,4,1,-9,-9,1,1,0,1
826,0085,1,4,1,2,1,1,2, ,.22,44.28,58.15, ,96.02,112.25,43.26,57.97, ,91.2,122.21,1,2,-9,-9,1,1,1,1
837,0085,2,4,2,2,1,1,2, ,.68,26.02,37.84, ,58.05,105.89,31.06,46.16, ,83.64,131.69,1,2,-9,-9,1,1,1,1
882,0093,1,4,2,2,1,1,2, , ,15.2,24.45, ,46.91,62.65,19.22,28.59, ,49.83,101.47,4,1,2.54,1.52, ,1,0,1
898,0095,1,4,1,2,2,2,2, ,1.52,34,35.85,40.76,63.26,105.12,33.06,48.85,52.1,98.8,116.2,4,4,25.82,3.57,1,2,1,1
922,0097,1,4,2,2,1,1,1, , ,21.82,23.32,26.14,40.2,68.76,26.66,31.09,37.72,70.69,124.06,2,1,93,0, ,1,0,1
944,0099,2,4,1,2,3,1,1, , ,13.05,27.96, ,57.5,83.94,14.95,32.34, ,54.82,121.08,4,4,9.11,1.3, ,4,0,1
1059,0116,2,4,2,2,1,1,2, , ,19.72,27.76, ,46.27,88.74,25.34,30.84, ,88.02,106.15,4,3,5.42,1.08, ,1,0,1
1095,0119,1,4,1,2,2,2,1, , ,16.13,28.99, ,51.7,74.32,24.83,39, ,64.78,93.55,1,5,-9,-9, ,2,0,1
1149,0125,1,4,1,1,3,1,1,5.4, , ,25.73, ,40.65,68.1, ,25.78, ,35.68,69.27, , , , , ,4,0,1
1168,0128,1,4,1,2,1,1,2, ,.59,29.92,40.83, ,65.25,99.39,36.36,40.41, ,57.86,124.45,4,2,7.68,3.58,1,1,0,1
1180,0131,2,4,2,1,3,1,2, , ,25.49,24.9, ,47.04,93.66,26.96,35.29, ,69.59,114.84,4,4,-9,-9, ,4,0,1
1187,0131,1,4,1,2,2,2,2, , ,17.59,24.94, ,48.33,73.37,31.42,30.74, ,53.47,102.23,4,4,-9,-9, ,2,0,1
1211,0133,1,4,2,2,1,1,2, ,1.38,38.56,47.76, ,88.49,112.01,35.54,43.34, ,75.82,140.32,4,1,9.91,3.38,1,1,1,1
1239,0134,1,4,1,2,1,1,2, , ,36.83,45.03, ,86.76,112.29,31.34,41.57, ,78.08,135.48,4,1,4.04,2.11, ,1,1,1
1281,0143,1,4,2,1,5,2,1, , ,34.5,46.12, ,86.22,93.29,35.31,43.56, ,92.1,133.32,4,4,5.41,5.41, ,5,0,1
1282,0143,1,4,1,2,5,2,1, ,.36, ,31.3, ,58.26,103, ,40.98, ,66.74,114.76,4,4,5.41,5.41,1,5,1,1
1299,0144,1,4,1,2,3,1,2, ,.87, ,30.76, ,51.61,87.9, ,39.61, ,48.1,122.94,1,3,-9,-9,1,4,0,1
1344,0147,1,4,1,2,1,1,2, ,.27,20.77,38.34, ,66.28,99.46,34.06,50.34, ,88.03,108.39,4,2,-9,-9,1,1,0,1
1346,0147,1,4,1,2,1,1,2, , ,20.71,30.49, ,45.72,68.38,30.42,36.94, ,78.45,88.53,4,2,-9,-9, ,1,0,1
1426,0155,2,4,1,2,1,1,1, ,.27,30.31,41.03, ,65.5,108.37,35.82,41.21, ,113.42,130.51,1,3,0,0,1,1,1,1
1431,0155,2,4,1,2,1,1,2, , ,22.8,46.93, ,67.68,104.37,26.91,41.24, ,75.47,125.66,1,3,0,0, ,1,1,1
1450,0157,1,4,2,2,1,1,1, ,.32,26.25,44.81,40.24,57.43,95.55,39.88,71.31,76.74,108.89,112.95,1,5,0,0,1,1,0,1
1457,0157,1,4,1,2,2,2,1, ,.35,22.93,33.73,43.6,57.35,92.13,25.8,27.26,32.79,53.81,95.8,1,5,0,0,1,2,0,1
1462,0159,2,4,1,2,5,2,2, , ,18.91,38.48, ,48.14,85.61,24.88,45.24, ,88.61,110.3,1,3,-9,-9, ,5,0,1
1522,0167,2,4,2,2,5,2,2, ,1.43,33.42,45.63, ,74.76,100.56,43.2,65.52, ,96.23,124.25, , , , ,1,5,1,1
1560,0170,1,4,2,2,2,2,2, ,1.03,40.14,52.29, ,72.21,101.03,40.6,64.29, ,102.24,130.9, , , , ,1,2,1,1
1567,0171,2,4,2,2,2,2,2, , ,24.14,23.99, ,41.88,65.24,25.43,36.23, ,57.43,90.68,4,3,46.94,21.87, ,2,0,1
1623,0176,1,4,2,2,1,1,2, ,.66,34.8,42.62, ,48.83,98.59,52.49,72.41, ,89.53,134.74,4,1,-9,-9,1,1,0,1
1626,0176,1,4,2,2,1,1,2, ,.3,19.04,29.26, ,62.65,90.59,21.08,34.29, ,54.6,111.99,4,1,-9,-9,1,1,0,1
1631,0176,2,4,1,2,1,1,2, ,1.12,22.79,26.95, ,68.22,107.35,30.26,32.02, ,68.1,118.07,4,1,-9,-9,1,1,1,1
1707,0185,2,4,2,2,1,1,2, ,.05,13.63,26.63, ,39.14,92.73,21.1,36.06, ,64.11,103.34,4,4,-9,-9,1,1,0,1
1757,0189,1,4,1,2,1,1,1, ,1.08,37.34,47.92, ,79.29,107.2,32.92,46.05, ,90.43,126.16,2,2,-9,-9,1,1,1,1
1794,0194,1,4,1,2,1,1,2, , ,18.62,36.43, ,54.26,84.44,23.59,38.02, ,54.32,102.61,4,3,59.18,0, ,1,0,1
1828,0196,1,4,2,2,1,1,2, ,.23,63.16,64.69,68.68,79.47,116.82,54.21,62.72,83.76,113.82,131.61,1,1,6.77,7.29,1,1,1,1
1892,0207,2,4,2,2,1,1,2, ,.03, ,25.78, ,48.08,70.03, ,32.69, ,62.04,93.59,4,1,-9,-9,1,1,0,1
1937,0213,2,4,1,2,1,1,2, , ,21.16,28.68, ,50.37,97.35,23.16,36.79, ,93.3,95.77,4,1,12.89,4.7, ,1,0,1
1946,0214,2,4,1,2,1,1,2, ,.46,21.22,28.53,41.57,64.38,104.31,26,43.83,44.89,80.31,141.73,4,1,36.38,8.05,1,1,1,1
1955,0214,2,4,1,2,1,1,1, , ,23.76,33.23,40.57,51.95,104.72,23.57,32.55,41.03,64.48,115.66,4,1,36.38,8.05, ,1,1,1
1979,0216,2,4,2,2,1,1,2, ,.12,23.33,38.47,44.13,80.4,102.03,26.45,47.37,61.61,103.53,130.43,4,4,74.93,7.56,1,1,1,1
2025,0223,1,4,1,2,1,1,2, ,.72,15.01,28.93, ,42.91,82.07,23.6,33.68, ,60.67,100.89,4,1,-9,-9,1,1,0,1
2111,0240,1,4,2,1,2,2,2, , ,21.83,29.69,37.27,60.66,71.14,31.48,36.99,47.32,67.77,90.62, , , , , ,2,0,1
2131,0242,1,4,1,2,1,1,1, ,1.59,16.3,28.88,35.31,49,70.28,23.5,34.82,45.12,62.41,95.98,2,2,-9,-9,1,1,0,1
2195,0246,1,4,1,2,1,1,1, , ,20.39,24.54, ,48.43,80.11,25.05,30.69, ,64.94,104.2,4,1,93,-9, ,1,0,1
2323,0257,2,4,2,2,1,1,1, , ,34.62,48.63, ,60.35,102.33,44.65,58.29, ,107.25,129.34,1,2,-9,-9, ,1,1,1
2393,0263,1,4,1,2,2,2,2, , ,18.29,32.33, , ,99.61,26.52,40.63, , ,114.85,1,5,-9,-9, ,2,0,1
2423,0266,1,4,2,1,2,2,2,1.4, ,14.93,21.94, ,49.48,73,23.31,34.18, ,70.47,103.25,4,5,-9,-9, ,2,0,1
2454,0270,1,4,2,2,1,1,1, , ,18.53,27.11, ,53.55,97.27,17.86,31.75, ,54.08,119.74,4,1,36.38,6.22, ,1,0,1
2465,0270,1,4,2,2,1,1,2, , ,10.36,24.28, ,48.11,89.66,17.88,25.46, ,49.79,119.51,4,1,36.38,6.22, ,1,0,1
2484,0272,2,4,2,2,1,1,1, ,.89,32.1,41.68, ,82.16,114.63,36.13,44.06, ,94.7,129.79,4,1,-9,-9,1,1,1,1
2507,0273,1,4,1,2,1,1,2, , ,27.16,34.87,42.13,53.64,94.74,32.38,37.29,45.4,66.13,114.7,4,1,8.12,8.12, ,1,0,1
2510,0279,1,4,1,2,5,2,2, ,1.7,22.01,26.32,49.39,53.77,87.18,30.1,61.8,78.89,90.55,117.74, , , , ,1,5,0,1
2514,0279,2,4,1,2,5,2,1, ,1.34, ,46.18,64.36,84.35,99.84, ,75.86,102.55,99.42,123.73, , , , ,1,5,0,1
2584,0288,2,4,1,2,1,1,2, ,.68,20.87,36.39,40,57.78,83,33.24,44.16,41.97,62.78,118.1,1,1,-9,-9,1,1,0,1
2638,0294,2,4,1,2,1,1,1, , ,19.84, ,30.25,53.49,75.35,23.49, ,31.79,58.1,96.04,2,1,9.09,6.06, ,1,0,1
2685,0299,2,4,1,2,1,1,2, ,1.69,23.26,36.89, ,70.92,98.81,25.45,33.84, ,67.14,121.21,2,2,-9,-9,1,1,0,1
2704,0300,2,4,2,2,1,1,2, ,.37,21.9,35.56, ,56.59,94.13,36.18,51.5, ,107.67,136.4,4,1,9.33,3.56,1,1,0,1
2760,0304,2,4,2,2,1,1,2, ,.14, ,30.98, ,61.5,83.75, ,44.97, ,63.9,103.34,4,1,-9,-9,1,1,0,1
2771,0305,1,4,1,2,1,1,2, , , ,41.26, ,71.4,92.44, ,69.64, ,94.79,103.85,4,1,13.33,5.61, ,1,0,1
2805,0307,1,4,1,2,1,1,2, ,1.06,17.89,29.68, ,49.04,94.01,18.73,30.45, ,66.01,102.6,4,1,4.76,3.7,1,1,0,1
2815,0310,2,4,1,2,1,1,2,1.4, ,18.41,23, ,54.3,88.17,19,37.33, ,63.7,111.4,4,3,-9,-9, ,1,0,1
2908,0317,1,4,2,2,1,1,2, , ,28.09,39.43, ,70.41,102.25,25.65,42.53, ,73.18,125.82,4,1,34.62,1.63, ,1,1,1
2963,0324,2,4,2,2,1,1,2, ,.25,20.69,28.14,28.84,51.23,81.6,19.47,26.29,32.72,58.32,95.99,4,2,15.36,2.86,1,1,0,1
2973,0325,2,4,1,2,1,1,1,3.4, , ,27.22, ,75.55,89.45, ,34.37, ,60.37,111.38,4,1,10.94,11.32, ,1,0,1
2997,0326,2,4,1,1,1,1,1, , ,24.74,34.79,37.27,61.33,102.11,22.62,36.66,38.86,58.01,114.53,4,1,1.25,-9, ,1,1,1
3015,0328,1,4,2,1,1,1,2, , ,16.2,17.03, ,37.68,66.57,15.62,20.41, ,34.73,82.73, , , , , ,1,0,1
3167,0343,2,4,1,2,1,1,2, ,.04,32.99,51.88,54.97,79.92,108.61,19.48,45.93,45.17,88.4,140.31,2,1,3.78,2.89,1,1,1,1
3228,0346,2,4,2,2,1,1,2, , ,25.8,34.64, ,51.33,86.12,29.01,31.96, ,61.52,115.24,4,2,18.11,4.91, ,1,0,1
3233,0347,1,4,2,1,1,1,2, , ,32.1,47.98,67.31, ,103.28,28.9,52.33,50.37, ,105.71,4,3,65.45,6.14, ,1,1,1
3299,0351,1,4,2,2,1,1,2, , ,15.33,23.67, ,42.11,75.25,19.81,26.46, ,52.54,103.94,4,1,7.43,9.46, ,1,0,1
3304,0351,1,4,1,2,1,1,1, , ,21.24,40.8, ,64.64,103.13,24.5,30.28, ,65.34,114.29,4,1,7.43,9.46, ,1,1,1
3310,0351,1,4,1,1,1,1,1,1.4, ,7.81,15.44, ,18.34, ,22.11,23.45, ,28.61, ,4,1,7.43,9.46, ,1, ,1
3314,0351,2,4,1,2,1,1,2, , ,31.86,55.57, ,80.14,103.02,22.37,38.94, ,62.03,124.84,4,1,7.43,9.46, ,1,1,1
3349,0357,1,4,1,2,5,2,2, , , , , ,55.22,78.69, , , ,72.43,87.22,4,3,38.86,10.43, ,5,0,1
3384,0359,1,4,2,2,1,1,2, , ,31.35,48.44, ,76.49,102.12,30.69,55.63, ,89.61,122.48,4,1,7.63,8.02, ,1,1,1
3420,0362,2,4,2,2,1,1,2, , ,16.12,20.46, ,44.34,85.86,18.5,27.94, ,73.23,118.43,4,1,13.68,5.55, ,1,0,1
3459,0364,1,4,1,2,1,1,1, , ,23.17,34.88, ,66,92.4,26.85,45.33, ,83.13,134.93,4,1,9.93,7.8, ,1,0,1
3507,0367,1,4,1,2,1,1,2, ,.67, ,34.9, ,67.06,108.85, ,40.94, ,62.5,138.53, , , , ,1,1,1,1
3512,0367,2,4,1,2,1,1,2, ,1.23, ,52.36, ,66.3,108.13, ,48, ,92.97,133.58, , , , ,1,1,1,1
12129,0367,1,4,2,2,1,1,2, ,.66, ,36.55, ,64.62,84.78, ,36.66, ,59.04,103, , , , ,1,1,0,1
12143,0367,1,4,1,2,1,1,2, ,.46, ,38.82, ,70.16,95.55, ,38.73, ,70.51,119.83, , , , ,1,1,0,1
3523,0369,2,4,2,2,1,1, , , ,29.56,44.02, ,59.04,96.99,27.95,47.36, ,94.82,126.02,4,1,16.04,7.35, ,1,0,1
3552,0373,2,4,2,2,1,1,2, ,1.29, ,46.86,77.01,70.92,107.48, ,59.38,71.82,110.64,144.11,4,1,-9,-9,1,1,1,1
3631,0379,1,4,1,2,1,1,2, ,.8,27.81,37.55, ,51.13,96.22,24.29,35.7, ,78.53,124.42,2,1,8.06,9.16,1,1,0,1
3643,0379,2,4,1,2,1,1,2, ,.06,24.88,38.15, ,62.19,90.99,24.9,31.63, ,63.07,118.86,2,1,8.06,9.16,1,1,0,1
3649,0380,2,4,1,2,1,1,2, , ,34.75,50.08,48.95,60.96,91.23,31.2,51.35,53.19,77.91,135.57,4,1,19.34,6.81, ,1,0,1
3651,0380,2,4,2,2,1,1,2,2.6, ,39.46,45.59,50.22,80.35,92.88,34.64,43.11,49.84,89.14,135.11,4,1,19.34,6.81, ,1,0,1
3672,0383,1,4,1,2,1,1,2, ,.5,16.2,30.71, , ,90.47,24.42,26.96, , ,110.49,4,2,15.63,23,1,1,0,1
3729,0387,2,4,2,1,3,1,1, , ,21.48,33.53,40.31,62.61,90.02,22.62,32.77,32.48,55.38,81.5,4,5,29.7,2.04, ,4,0,1
3733,0387,2,4,1,1,4,2,2, , ,14,16.78,25.23,52.51,90.82,16.54,19.57,35.67,65.62,114.41,4,5,29.7,2.04, ,4,0,1
3739,0387,1,4,1,2,4,2,1, , ,10.17,16.44,18.8,43.37,60.68, , , , ,88.91,4,5,29.7,2.04, ,4,0,1
3857,0396,2,4,2,2,4,2,2, , ,24.82,38.54, ,56,99.79,26.09,34.37, ,76.01,108.78,4,4,42.2,10.32, ,4,0,1
3902,0400,1,4,1,2,4,2,2, , , ,20.46,28.06,38.68,55.03, , ,26.93,34.88,101.41,4,3,6.86,-9, ,4,0,1
3935,0403,2,4,1,2,5,2,1, ,.13, , ,42.53,72.05,104.82, , ,35.79,67.82,116.81, , , , ,1,5,1,1
3938,0403,1,4,2,2,1,1,2, ,1.16,33.21,47.78,50.93,68.04,109.54,32.16,41.66,44.35,74.68,128.53, , , , ,1,1,1,1
3965,0405,1,4,2,2,1,1,2, ,.68,37.17,48.85, ,69.03,104.57,40.65,56.53, ,70.9,131.91,4,2,1.15,0,1,1,1,1
3977,0407,2,4,1,2,1,1,2, ,.05,19.21,30.5, ,38.88,69.44,22.8,32.74, ,54,90.01,1,1,0,0,1,1,0,1
3978,0407,1,4,2,2,1,1,2, ,1.82,35.53,44.6, ,81.76,98.81,26.09,45.1, ,78.28,120.64,1,1,0,0,1,1,0,1
4028,0414,2,4,2,2,1,1,2, ,.66,31.65,32.84,39.27,54.84,97.21,34.05,47.74,53.77,81.6,125.45,4,1,10.47,.83,1,1,0,1
4034,0417,2,4,1,2,1,1,2, ,1,26.62,35.81, ,82.68,110.8,30.98,44.1, ,90.26,128.43, , , , ,1,1,1,1
4103,0429,2,4,1,2,1,1,2, , ,20.88,40.38, ,69,90.38,28.41,42.83, ,93.48,122.74,1,1,.87,1.73, ,1,0,1
4104,0429,1,4,2,2,1,1,2, ,.46,27.32,41.92, ,60.51,95.05,29.99,44.08, ,68.9,127.91,1,1,.87,1.73,1,1,0,1
4133,0431,1,4,1,2,1,1,1, , ,26.2,37.95, ,48.58,88.64,33.5,38.64, ,61.82,99.56,4,1,11.32,4.91, ,1,0,1
4149,0432,2,4,1,2,1,1,2, , ,26.71,42.34, ,84.97,108.13,29.33,37.65, ,75.47,125.02,4,1,17.27,5.76, ,1,1,1
4171,0433,2,4,2,2,1,1,1, ,.6,29.78,45.04, ,61.45,98.02,34.11,55.49, ,98.4,126.16,4,1,19.52,3.81,1,1,0,1
4172,0433,2,4,2,2,1,1,2,2.6,.86,29.73,44.56, ,69.38,101.6,28.15,48.64, ,85.83,123.96,4,1,19.52,3.81,1,1,1,1
4253,0440,1,4,1,2,1,1,1, ,.96,14.44,22.33,25.3,44.2,75.62,23.25,31.22,33.42,46.31,90.98,4,2,15.38,6.94,1,1,0,1
4259,0441,2,4,1,2,1,1,2, , ,13.66,30.82, ,49.07,77.27,20.89,38.24, ,79.96,113.48,4,1,16.67,11.81, ,1,0,1
4274,0441,1,4,1,2,1,1,1, ,.15,32.12,35.5, ,71.83,95.92,33.65,41.11, ,66.88,103.85,4,1,16.67,11.81,1,1,0,1
4283,0442,1,4,1,2,1,1,1, ,.84,8.68,22.04, ,36.43,62.53,16.08,27.79, ,45.41,79.91,4,1,8.83,.61,1,1,0,1
4346,0445,2,4,1,2,1,1,1, ,.15,21.83,28.63, ,56.64,89.53,24.08,29.26, ,92.27,126.47,4,1,-9,-9,1,1,0,1
4395,0451,1,4,2,2,1,1,2, ,.27,25.1,43.24, ,59.96,95.02,28.69,38.2, ,84.86,123.25,4,1,24.1,11.65,1,1,0,1
4418,0452,2,4,2,2,1,1,1, , ,29.36,46.5, ,73.15,101.48,34.61,47.37, ,88.88,138.13,1,1,-9,-9, ,1,1,1
4445,0455,2,4,2,2,1,1,1,1.4,.64,14.77,23.02, ,42.5,74.93,20.36,25.84, ,50.65,96.77,4,1,10.71,6.92,1,1,0,1
4501,0458,2,4,1,2,1,1,2, , ,27.45,29.01, ,55.86,85.25,36.59,50.16, ,69.64,116.64,4,1,-9,-9, ,1,0,1
4507,0458,1,4,1,2,1,1,1, ,.43, , , , , , , , , , ,4,1,-9,-9,1,1, ,1
4538,0461,1,4,2,2,1,1,2, , ,19.49,26.98, ,52.32,106.29,23.32,28.28, ,57.17,112.9,4,1,18.36,-9, ,1,1,1
4753,0482,2,4,1,2,1,1,2, , ,28.04,43.32, ,79.2,102.63,40.74,43.17, ,87.57,135.68,1,2,16.92,6.67, ,1,1,1
4755,0482,2,4,2,2,1,1,2, ,.16,20.01,26.82, ,46.8,77.12,24.24,32.4, ,61.89,100.21,1,2,16.92,6.67,1,1,0,1
4787,0484,1,4,1,2,1,1,2, ,.28,20.06,36.62,40.34,54.76,80.58,27.04,61.12,73.68,96.54,125.51,4,3,-9,-9,1,1,0,1
4885,0491,2,4,1,2,1,1,2, , ,14.22,25.5, ,43.35,52.8,19.69,33.13, ,60.48,92.4,4,1,40.15,15.64, ,1,0,1
4889,0492,1,4,2,2,1,1,2, ,.64,48.36,57.63,78.49,87.77,104.02,51.77,78.82,88.94,103.84,129.2,1,1,25.53,19.15,1,1,1,1
4908,0494,1,4,1,2,1,1,2, , ,12.75,24.6, ,64.36,106.66,18.98,32.44, ,74.9,114.54,4,1,39.64,10.71, ,1,1,1
4982,0504,1,4,1,2,2,2,2,1.4, ,17.25,26.07, ,43.24,72.01,23.05,31, ,62.58,102.66,4,4,-9,-9, ,2,0,1
4993,0505,1,4,1,2,1,1,2, , ,39.84,60.13, ,78.95,105.25,30.87,40.47, ,69.7,127.25,4,4,64.1,11.45, ,1,1,1
4995,0505,2,4,1,1,2,2,1,2.6, ,11.13,17.25, ,25.92,41.98,14.49,23.06, ,37.45,73.07,4,4,64.1,11.45, ,2,0,1
5018,0507,2,4,2,2,1,1,2, ,1.51,29.07,37.77, ,64,103.69,32.27,44.74, ,85.26,120.51,4,1,0,.38,1,1,1,1
5042,0509,2,4,1,2,1,1,2, ,.39, ,33.1, ,65.23,99.72, ,44.12, ,86.62,116.3,4,2,3.28,1.02,1,1,0,1
5073,0510,1,4,1,2,1,1,1,2.6,.6, , , , , , , , , , ,4,1,9.42,8.38,1,1, ,1
5247,0526,2,4,2,2,1,1,2, , , ,19.96,25.09,45.5,57.43, ,27.56,40.77,58.72,90.05,4,1,29.67,5.49, ,1,0,1
5301,0530,1,4,1,1,1,1,1,6.6, ,26.49,29.26, ,52.78,101.93,22.73,33.5, ,61.79,113.77,4,2,70.02,-9, ,1,1,1
5308,0530,2,4,1,2,1,1,2, , ,15.17,29.87, ,57.5,90.77,17.95,38.57, ,67.48,101.67,4,2,70.02,-9, ,1,0,1
5320,0532,1,4,1,2,3,2,2, , ,17.98,26.21,34.13,49.61,88.73,21.21,28.7,36.71,65.47,114.05,4,1,7.46,5.22, ,4,0,1
5454,0550,1,4,1,1,2,2,2, , ,11.37,15.55,18.83,29.3,72.35,20.14,25.48,31.55,38.72,90.13, , , , , ,2,0,1
5497,0555,1,4,1,2,1,1,2, , ,24.82,28.83, ,59.68,102.52,29.33,37.83, ,88.69,119.91,4,2,1.08,.72, ,1,1,1
5536,0565,2,4,2,2,5,2,2, ,1.6, ,28.51, ,93.19,108.24, ,34.72, ,104.35,130.56, , , , ,1,5,1,1
5553,0572,1,4,2,2,1,1,2, , ,15.4,18.41, ,31.89,67.13,18.25,23.14, ,45.58,103.41,4,2,5.19,2.42, ,1,0,1
5627,0581,1,4,2,2,1,1,1, , ,25.82,22.72,32.01,36.75,60.01,31.74,37.78,39.43,60.48,87.6, , , , , ,1,0,1
5633,0584,2,4,2,2,5,2,2, ,.01,28.29,40.78, ,58.32,83.74,26.75,30.87, ,81.65,115.73,4,2,1.92,1.92,1,5,0,1
5667,0590,2,4,2,2,1,1,2, ,1.26,56.31,73.93, ,74.74,101.63,43.1,94.51, ,112,123.86,3,2,-9,-9,1,1,1,1
5679,0593,1,4,2,2,1,1,2, ,1.24,30.15,40.74, ,66.25,91.24,33.98,45.39, ,92.6,130.78,4,2,28.11,3.24,1,1,0,1
5703,0598,1,4,1,2,1,1,2, ,1.31,23.47,31.43,48.95,64.45,95.04,33.43,37.77,47.28,91.49,111.85,2,2,0,0,1,1,0,1
5715,0599,2,4,2,1,2,2,2, , ,15.68,23.37,27.23,53.87,63.91,20.23,30.44,40.05,58.35,78.81,4,4,-9,-9, ,2,0,1
5719,0599,1,4,2,1,4,2,2, , ,7.56,24.53,27.15,42.31,87.39,18.45,26.54,36.36,58.91,103.55,4,4,-9,-9, ,4,0,1
5798,0606,1,4,2,2,2,2,1, ,.12,13.38,22.3, ,35.71,72.94,19.91,28.46, ,40.81,72.94,4,2,-9,-9,1,2,0,1
5812,0609,2,4,1,2,1,1,2, ,.49,48.49,60.11,61.45,99.28,115.23,50.61,57.83,56.85,84.34,123.97,4,3,19.28,2.46,1,1,1,1
5922,0623,1,4,1,1,1,1,2, , ,10.5,22.72, ,35.81,71.92,17.45,24.22, ,39.6,101.65,4,3,56.64,20.98, ,1,0,1
5947,0625,1,4,2,2,1,1,2, , ,29.3,41.96, ,70.77,93.57,40.76,54.36, ,101.92,121.7,4,3,18.51,9.34, ,1,0,1
5965,0627,2,4,1,2,1,1,2, , , ,30.15,41.37,54.98,94.6, ,29.4,40.73,66.66,118.92,4,4,-9,-9, ,1,0,1
5969,0627,1,4,1,2,1,1,2, ,.06, ,38.42,40.9,54.01,106.09, ,34.79,39.32,57.26,129.86,4,4,-9,-9,1,1,1,1
5977,0627,1,4,1,2,1,1,2, , , ,59.67,68.04,88.78,107.98, ,35.21,54.49,78.88,117.52,4,4,-9,-9, ,1,1,1
6045,0627,2,4,2,2,2,2,2, , , ,24.02,24.64,43.63,80.98, ,38.76,38.49,47.52,93.76,4,4,-9,-9, ,2,0,1
6004,0630,1,4,2,2,1,1,2, ,.76, ,65.35,70.29,98.75,113.13, ,91.12,93.59,128.05,137.57,4,4,32.2,9.75,1,1,1,1
6023,0631,1,4,2,1,2,2,2, , , ,23.76, ,56.5,71.89, ,27.19, ,74.6,106.35, , , , , ,2,0,1
6054,0633,2,4,1,1,2,2,2, , , ,23.37,25.58,42.63,57.06, ,30.33,35.26,41.09,69.63,4,5,-9,-9, ,2,0,1
6061,0635,1,4,2,2,1,1,2, ,.78,27.35,46.41,47.04,76.28,114.57,45.76,57.35,60.22,96.07,139.58,4,3,2.03,.68,1,1,1,1
6143,0644,1,4,2,1,2,2,2,1.4, ,9.82,32.66, ,41.06,53.29, ,42.18, ,65.74,93.09,4,4,55.27,11.72, ,2,0,1
6211,0651,1,4,1,2,1,1,2, ,1.26,23,28.67, ,51.55,90.09,21.4,37.87, ,70.95,116.24,4,2,15.35,4.65,1,1,0,1
6220,0651,2,4,1,2,1,1,2, ,.89,23.32,38.96, ,70.73,98.26,29.84,41.53, ,71.95,132.89,4,2,15.35,4.65,1,1,0,1
6222,0651,2,4,1,2,1,1,2, ,.05,27.74,33.13, ,68.1,99.37,35.94,26.42, ,102,138.99,4,2,15.35,4.65,1,1,0,1
6231,0652,2,4,1,2,1,1,1, ,.46,16.39,27.23, ,59.42,89.42,21.5,35.52, ,80.82,104.27,4,3,14.78,9.04,1,1,0,1
6253,0654,2,4,2,1,2,2,1, , ,15.42,20.39, ,43.92,78.53,20.3,31.67, ,49.8,95.67,4,4,61.73,10.29, ,2,0,1
6333,0663,2,4,2,2,1,1,2, ,.45,46.72,57.01,52.47,79.44,110.88,76.9,93.66,104.98,126.6,136.17,3,2,-9,-9,1,1,1,1
6334,0663,2,4,2,2,1,1,1, , ,50.61,54.3,68.48,79.7,109.69,55.86,75.72,91.78,105.75,135.55,3,2,-9,-9, ,1,1,1
6344,0664,2,4,2,2,1,1,1, , ,23.24,32.93,42.93,62.42,79.95,19.39,36.68,44.19,74,102.76,4,2,23.8,7.88, ,1,0,1
6432,0671,1,4,1,2,1,1,2, ,.25,24.4,37.67,43.97,62.63,91.33,25.53,30.32,45.31,71.56,132.92,1,1,0,0,1,1,0,1
6519,0685,2,4,1,2,1,1,2, ,.17,22.59,37.11, ,58.03,108.13,41.73,61.24, ,90.46,113.55,4,2,13.19,3.98,1,1,1,1
6520,0685,2,4,1,2,1,1,2, ,.78,28.19,42.49, ,72.35,105.18,33.94,41.8, ,50.77,91.46,4,2,13.19,3.98,1,1,1,1
6643,0704,2,4,2,2,3,1,2,2.6, ,30.39,38.16, ,49.74,98.98,29.38,47.09, ,75.79,120.7,4,4,36.98,15.89, ,4,0,1
6648,0704,2,4,1,2,4,2,2, , ,13.63,21.12, ,57.08,99.41,16.68,25.6, ,50.54,130.75,4,4,36.98,15.89, ,4,0,1
6741,0712,1,4,2,2,3,1,1, , ,15.11,24.37, ,43.15,76.15, ,34.73, ,71.22,103.72, , , , , ,4,0,1
6743,0712,2,4,2,1,3,1,2, , ,15.02,21.6, ,54.27,103.35, , , ,85.33,112.72, , , , , ,4,1,1
6747,0712,2,4,1,2,4,2,1, ,.38,21.23,36.85, ,66.27,92.92, ,38.64, ,76.81,129.45, , , , ,1,4,0,1
6772,0713,1,4,1,2,3,1,2, , ,30.49,28.09,40.49,61.15,81.68,36.12,41.25,51.34,62.19,105.3,2,5,-9,-9, ,4,0,1
6794,0717,2,4,1,2,1,1,1, ,1.77, ,32.64,33.22,53.05,92.93, ,31.01,36.55,67.31,98.93,4,1,1.19,.77,1,1,0,1
6825,0723,1,4,1,2,1,1,2, ,1.04,24.73,32.39, ,63.76,103.01,41.05,49.57, ,102.61,121.95,1,2,5.09,4.83,1,1,1,1
6828,0728,2,4,2,2,4,2,1, , ,8.66,16.55, ,29.39, ,19.87,20.42, ,42.22, ,4,1,36.84,12.82, ,4, ,1
6834,0728,2,4,2,2,1,1,2, ,.01,20.18,38.44, ,50.82,72.53,26.64,34.54, ,68.82,101.85,4,1,36.84,12.82,1,1,0,1
6835,0728,1,4,1,2,1,1,2, , ,9.49,20.24, ,48.38,62.1,17.63,28.79, ,43.72,95.94,4,1,36.84,12.82, ,1,0,1
6928,0736,2,4,2,2,1,1,1, ,.19, ,37.53, ,47.45,84.35, ,62.22, ,78.85,103.49, , , , ,1,1,0,1
6944,0737,1,4,1,2,1,1,2, ,1.3,18.93,22.88,33.99,60.31,95.45,24.82,38.59,43.98,73.97,121.4,1,1,7.94,3.7,1,1,0,1
6966,0740,2,4,1,2,1,1,2, , ,16.52,31.78, ,53.94,71.78,20.75,34.57, ,61.61,90.68,4,1,-9,-9, ,1,0,1
6983,0743,2,4,1,2,1,1,2, ,.02,41.65,47.69, ,68.15,103.83,37.8,47.16, ,70.11,109.81,4,2,31.58,13.27,1,1,1,1
7032,0748,1,4,2,2,4,2,2, , ,14.11,19.72,38.74,52.42,91.56,19.15,27.35,29.36,60.69,95.62,4,1,23.81,13.61, ,4,0,1
7039,0748,1,4,2,1,1,1,1,3.4, ,14.19,21.17,17.86,27.04,50.91,20.87,24.82,27.32,46.72,81.9,4,1,23.81,13.61, ,1,0,1
7048,0749,1,4,1,2,1,1,2, ,.82,18.96,35.93, ,68.35,99.39,18.62,19.99, ,56.5,88.69,4,2,60,3.33,1,1,0,1
7069,0749,2,4,2,2,1,1,2, , ,20.34,27.32,34.38,57.45,97.57,19.54,38.18,40.44,71.8,125.14,4,2,60,3.33, ,1,0,1
7055,0750,1,4,1,2,1,1,2, , ,24.24,42.11,43.69,62.63,106.7,35.1,58.92,80.75,111.27,133.86,4,1,2.13,.49, ,1,1,1
7074,0751,2,4,2,2,1,1,1, ,1.37,24.2,28.36,39.52,63.39,91.08,30.9,37.12,41.66,67.73,127.64,4,2,47.91,11.85,1,1,0,1
7075,0751,1,4,1,2,1,1,1,2.6, ,11.99,15.34,18.26,35.78,64.29,16.59,17.37,17.67,29.77,75.27,4,2,47.91,11.85, ,1,0,1
7095,0752,1,4,2,2,1,1,2, ,.63,16.09,21.79, ,31.43,53.49,27.58,28.89, ,54.59,105.92,4,1,2.87,1.2,1,1,0,1
7128,0754,2,4,1,2,3,1,2, , ,29.2,37.87,49.44,73.33,93.07,28.38,37.25,43.97,61.4,98.37,4,1,-9,-9, ,4,0,1
7138,0755,2,4,1,2,1,1,2, ,.51,17.75,28.05, ,54.03,95.05,23.29,32.91, ,60.92,116.03,4,1,-9,-9,1,1,0,1
7164,0758,1,4,1,1,2,2,2,9.8, ,19.3,26.28, ,56.56,62.28,22.35,24.42, ,39.43,65.32,4,5,-9,-9, ,2,0,1
7183,0759,2,4,1,1,2,2,1, , ,12.66,25.06, ,41.21,62.1,14.59,22.53, ,50.9,69.19,4,5,93,3.31, ,2,0,1
7264,0765,1,4,2,2,2,2,2, ,.48,15.68,26.81, ,51.48,81.79,23.21,35.55, ,66.62,108.73,4,5,43.86,0,1,2,0,1
7272,0766,2,4,1,1,2,2,2, , ,11.16,26, ,46.94,58.93,25.13,37.5, ,52.27,88.31,4,5,93,2.84, ,2,0,1
7286,0766,2,4,1,1,2,2,2, , ,14.87,18.14, ,43.22,66.75,17.02,21.3, ,41.6,85.41,4,5,93,2.84, ,2,0,1
7369,0776,1,4,2,1,1,1,2,1.4, ,14.65,23.57, ,50.87,85.67,15.51,32.51, ,51.72,73.83,4,1,-9,-9, ,1,0,1
7400,0779,2,4,2,2,1,1,2, , ,24.41,44.44, ,63.03,105.81,42.34,38.47, ,72.89,139.2, , , , , ,1,1,1
7432,0785,2,4,2,2,1,1,2, ,2.02,39.14,50.53, ,79.4,103.59,80,95.06, ,110.24,134.79,4,1,11.76,2.94,1,1,1,1
7435,0785,2,4,1,2,1,1,1, ,.62,24.2,30.55, ,72.69,104.44,27.76,41.64, ,84.21,124.56,4,1,11.76,2.94,1,1,1,1
7485,0792,1,4,1,2,1,1,2, , , ,20.69,27.59,48.36,96.45, ,19.19,38.66,52.27,112.36,4,1,41.36,12.65, ,1,0,1
7511,0799,2,4,1,2,1,1,2, , ,20.87,37.73, ,49,99.12,29.23,37.19, ,57.89,126.87,4,1,56.46,9.37, ,1,0,1
7532,0800,2,4,1,1,1,1,2, , ,18.07,28.38,42.66,73.64,98.49,19.83,28.83,43.18,81.73,104.1,4,1,36.36,6.61, ,1,0,1
7553,0804,1,4,1,2,3,2,2, , ,27.54,42.13,47.95,65.93,101.59,22.13,45.31,44.9,79.12,132.5,4,1,55.46,18.09, ,4,1,1
7574,0805,1,4,1,2,1,1,1, ,.19,17.2,30.35, ,46.15,89.99,27.94,36.27, ,44.83,128.2,4,1,62.7,7.52,1,1,0,1
7611,0809,2,4,2,2,1,1,2, , ,24.82,34.39, ,62.22,95.54,27.85,52.52, ,98.43,140.29,4,1,-9,-9, ,1,0,1
7657,0812,2,4,2,2,1,1,1, ,.57,18.04,26.44, ,46.81,73.41,23.18,37.77, ,73.69,109.43,1,1,0,0,1,1,0,1
7671,0814,1,4,1,2,2,2,1,1.4, ,20.26,29.38, ,46.73,91.23,29.05,39.76, ,82.73,121.58,4,5,75.6,9.6, ,2,0,1
7678,0814,2,4,2,1,2,2,1,1.4, ,9.2,17.16, ,38.64,67.64,17.82,25.7, ,57.34,103.63,4,5,75.6,9.6, ,2,0,1
7734,0818,2,4,1,2,1,1,2, , ,19.28,39.03, ,49.6,95.13,21.62,39.44, ,53.6,118.8,4,2,46.96,7.5, ,1,0,1
7735,0818,2,4,1,2,2,2,2, , ,20.79,39.3, ,45.82,83.84,23.53,44.25, ,63.02,112.91,4,2,46.96,7.5, ,2,0,1
7787,0826,2,4,1,2,2,2,2, , ,21,26.82,28.71,42.28,72.82,32.06,41.23,40.53,52.54,85.6,4,5,-9,-9, ,2,0,1
7866,0832,1,4,2,1,2,2,2,7.2,.11,13.97,24.8,25.38,42.51,61.68,17.05,26.68,29.15,47.42,94.54,4,2,52.39,12.37,1,2,0,1
7979,0840,1,4,1,2,1,1,2, ,1.61,25.97,44.35, ,78.74,105.62,39.87,50.16, ,101.7,130.69,2,2,0,0,1,1,1,1
7980,0840,1,4,1,2,1,1,1, ,.65,20.11,33.17, ,55.35,98.4,27.5,41.84, ,59.16,127.2,2,2,0,0,1,1,0,1
8018,0843,1,4,1,2,1,1,2, ,.9, ,49.42,41.05,67.43,99.08, ,52.93,52.21,81.43,129.45,1,2,4.13,1.42,1,1,0,1
8192,0857,2,4,1,2,2,2,1, ,.47,26.53,44.93, ,76.24,103.32,31.75,41.18, ,82.47,121.36,4,3,51.29,10,1,2,1,1
8199,0857,1,4,2,2,1,1,1, , ,35.04,46.71, ,94.99,111.73,39.68,47.2, ,68.42,121.2,4,3,51.29,10, ,1,1,1
8245,0862,2,4,2,2,1,1,2, , ,31.79,37.38, ,70.21,100.82,37.48,45.51, ,74.54,132.33,4,3,-9,-9, ,1,1,1
8254,0862,1,4,2,2,1,1,1, , ,28.07,29.39, ,56.53,92.62,31.77,38.07, ,79.05,126.68,4,3,-9,-9, ,1,0,1
8284,0867,2,4,2,2,1,1,2, , , ,29.55, ,44.42,68.87, ,46.94, ,75.93,91.47,4,3,52.32,11.15, ,1,0,1
8396,0872,1,4,1,2,2,2,2, , ,17.66,19.02, ,50.56,58.78,18.27,31.39, ,62.96,79.26,4,3,64.81,7.41, ,2,0,1
8391,0874,2,4,2,2,2,2,2, ,.18,13.61,21.48, ,48.19,58.25,16.13,19.08, ,53.69,92.87,4,3,46.7,11.79,1,2,0,1
8392,0874,1,4,2,2,1,1,2,3.4, ,23.51,26.72, ,63.57,95.63,26.43,38.57, ,88.85,131.39,4,3,46.7,11.79, ,1,0,1
8397,0876,1,4,2,2,1,1,2,1.4, ,20.56,24.29, ,47.41,80.26,24.91,33.97, ,73.09,121.05,4,4,-9,-9, ,1,0,1
8403,0876,2,4,1,1,2,2,2, , ,7.86,21.34, ,42.4,56.37,13.97,18.79, ,62.66,94.55,4,4,-9,-9, ,2,0,1
8428,0878,2,4,1,2,2,2,2, , ,20.79,31.36, ,65.13,89.28,30.7,45.28, ,69.96,91.19,4,2,48.1,16.46, ,2,0,1
8429,0878,2,4,1,2,1,1,1, ,.74,15.22,21, ,57.24, ,24.07,23.83, ,48.74, ,4,2,48.1,16.46,1,1, ,1
8454,0881,1,4,1,2,1,1,1, , ,23.16,38.08,51.48,73.68,89.75,26.43,52.37,57.67,84.88,125.9, , , , , ,1,0,1
8488,0884,1,4,1,2,1,1,2, , ,28.59,43.39, ,54.92,93.31,26.46,52.22, ,72.5,121.85,4,2,25.13,23, ,1,0,1
8508,0885,1,4,2,2,2,2,2, ,.47,16.78,27.14,24.66,40.36,63.78,21.59,36.63,32.64,66.53,91.54,4,4,76.92,4.62,1,2,0,1
8463,0886,2,4,1,2,1,1,1, , ,19.19,36.06, ,65.9,101.88,19.29,35.21, ,69.08,115.15,4,2,19.52,9.56, ,1,1,1
8557,0888,2,4,2,2,4,2,2, ,.28, ,19.95, , ,76.74, ,26.61, , ,105.18, , , , ,1,4,0,1
8630,0894,2,4,1,2,1,1,2, ,.19,18.58,41.37, ,60.64,87.21,21.3,41.01, ,63.56,111.15,1,3,4.3,1.43,1,1,0,1
8639,0895,2,4,1,2,1,1,2, ,.62, ,38.01, ,78.99,92.99, ,38.91, ,69.56,126.18, , , , ,1,1,0,1
8649,0895,1,4,2,2,1,1,2, ,1.87, ,29.1, ,68.35,103.65, ,50.41, ,92.32,143.39, , , , ,1,1,1,1
8682,0902,2,4,1,2,1,1,2, ,.44, ,53.68, , ,111.28, ,59.55, , ,124.29, , , , ,1,1,1,1
8684,0902,1,4,1,2,1,1,1, ,1.55, ,51.24, , ,105.53, ,36.44, , ,127.63, , , , ,1,1,1,1
8726,0906,2,4,1,2,1,1,1, ,.91,33.88,79.87, ,101.28,112.37,43.3,53.87, ,81.33,141.87,4,3,43.08,11.56,1,1,1,1
8737,0906,1,4,1,2,1,1,2, , ,13.81,28.46, ,45.84,79.93,23.09,35.01, ,45.84,77.39,4,3,43.08,11.56, ,1,0,1
8714,0907,2,4,1,2,4,2,2, , ,17.14,31.42, ,47.43,93.5,30.16,38.26, ,71.55,118.34,4,3,37.28,9.79, ,4,0,1
8729,0907,1,4,1,2,1,1,2, , ,25.85,38.56, ,67.27,104.6,25.33,37.85, ,50.68,92.38,4,3,37.28,9.79, ,1,1,1
8795,0914,2,4,2,1,4,2,2, , ,16.47,22.07, ,62.03,83.61,20.8,25.76, ,52.78,101.49,4,5,75,23, ,4,0,1
8779,0915,1,4,1,2,1,1,2, , ,20.88,27.94, ,61.27,107.04,29.05,29.68, ,59.88,88.85, , , , , ,1,1,1
8801,0915,1,4,2,2,1,1,2, ,.57,22.27,31.93, ,60.48,89.9,24.65,44.16, ,85.78,124.9, , , , ,1,1,0,1
8807,0915,1,4,2,2,1,1,1, ,.46,18.79,41.52, ,60,94.58,27.12,55.25, ,79.04,122.86, , , , ,1,1,0,1
8821,0918,2,4,2,2,4,2,1,6.6, ,13.56,21.1,39.3,61.1,89.36, , , , ,96.85, , , , , ,4,0,1
8839,0921,2,4,1,2,2,2,2, , ,41.15,41.89, ,74.82,110.62,47.66,55.53, ,99.79,122.68, , , , , ,2,1,1
8912,0935,2,4,1,2,2,2,1, , ,13.33,19.55,21.11,29.2,59.24,16.54,23.96,25.63,30,73.48, , , , , ,2,0,1
8973,0940,2,4,1,2,4,2,2, , ,37.57,39.73, ,77.41,102.58,29.81,50.75, ,106.66,121.59,4,2,24.42,9.85, ,4,1,1
8980,0941,2,4,1,2,1,1,1, , ,40.86,54.52, ,73.92,111.02,38.78,43.17, ,75.35,121.09,4,3,38.39,13.45, ,1,1,1
8991,0942,2,4,2,2,4,2,2, ,.49,21.85,36.01, ,63.01,104.85,26.85,39.31, ,81.66,139.71,4,3,-9,-9,1,4,1,1
8995,0942,1,4,1,2,1,1,2, , ,21.59,41.24, ,91.73,108.68,25.81,42.53, ,86.8,125.77,4,3,-9,-9, ,1,1,1
9014,0943,2,4,2,2,3,1,2, ,.3,39.19,58.61, ,69.11,111.28,43.34,74.12, ,109.49,139.67,4,3,42.44,10.02,1,4,1,1
9020,0944,1,4,2,2,1,1,2, ,1.43,22.77,29.32, ,65.17,89.89,35.19,43.44, ,91.97,115.95,2,1,0,0,1,1,0,1
9039,0945,1,4,1,2,1,1,1, ,2.43,30.72,44.87, ,103.2,114.14,35.57,55.84, ,126.63,141.52,2,2,0,0,1,1,1,1
9044,0945,2,4,2,2,1,1,2, ,1.22,23.86,35.25, ,54.87,99.47,41.64,45.26, ,114.17,130.82,2,2,0,0,1,1,0,1
9069,0947,1,4,1,1,4,2,2,5.4, , ,21.03, ,60.71,82.08, ,22.54, ,52.43,72.27,4,5,-9,-9, ,4,0,1
9141,0951,2,4,2,1,3,1,2, , ,14.43,20.25,23.26,38.58,57.57,18.1,28.77,29.46,57.43,83.97,4,5,71.88,15.46, ,4,0,1
9160,0952,1,4,1,2,4,2,2, , ,20.99,19.19,42.68,45.4,99.56, ,24.36,29.54,47.82,103.3,4,5,70.5,13.15, ,4,0,1
9235,0964,2,4,1,2,3,1,1, ,.34,13.3,20.23, ,29.93,60.1,16.88,24.6, ,46.51,83.54,4,3,93,23,1,4,0,1
9238,0966,2,4,2,2,5,2,2, ,.21,23.37,35.38, ,45.37,90.36,32.76,57.01, ,80.85,103.64,4,5,51.92,13.46,1,5,0,1
9288,0969,2,4,2,2,1,1,2, , ,9.56,18.31, ,39.02,62.84,17.39,22.76, ,45.2,96.53,1,3,-9,-9, ,1,0,1
9333,0983,1,4,2,2,4,2,1, , ,21.19,41.75, ,76.92,86.5,34.35,42.53, ,86.98,123.95,1,1,9.05,4.52, ,4,0,1
9351,0993,1,4,2,2,1,1,2, ,.71,18.86,27.11, ,45.49,95.11,32.97,41.02, ,60.25,103.31,4,2,7.69,16.84,1,1,0,1
9371,0995,1,4,2,2,3,1,2, , ,16.27,41.7, ,55.93,89.25,19.62,39.9, ,71.56,116.52, , , , , ,4,0,1
9379,0996,1,4,2,1,3,1,2, , ,15.57,17.65, ,39.91,69.12, ,27.81, ,52.79,91.97, , , , , ,4,0,1
9397,0998,1,4,1,2,1,1,2, ,1.15,27.02,41.45, ,70.19,107.07,34.23,46.14, ,104.23,132.99,2,1,0,0,1,1,1,1
9408,0998,1,4,1,2,1,1,2, ,.19,19.88,35.18, ,65.27,81.65,27.83,40.73, ,80.07,115.98,2,1,0,0,1,1,0,1
9437,1001,2,4,1,2,1,1,2, ,1.08,23.73,43.11, ,66.7,107.84,33.63,49.54, ,94.64,129.43,4,1,2.34,.7,1,1,1,1
9444,1001,1,4,1,2,1,1,2, ,.74,18.44,27.51, ,54.87,98.66,19.2,37.27, ,63.62,115.86,4,1,2.34,.7,1,1,0,1
9481,1003,2,4,1,2,1,1,2, , ,16.78,34.95,24.04,50.75,83.88,18.01,30.71,29.65,59.3,103.96,4,1,14.37,5.59, ,1,0,1
9482,1003,1,4,2,2,1,1,2, ,.82,30.63,50.95,56.72,64.55,107.62,38,42.68,42.16,90.26,131.08,4,1,14.37,5.59,1,1,1,1
9522,1008,2,4,2,2,1,1,2, ,.61,19.8,48.14,51.55,74.3,97.05,48.35,65.59,61.88,98.41,135.84,4,1,21.19,10.69,1,1,0,1
9539,1009,1,4,2,2,1,1,2, ,.47,16.01,44.5,32.84,39.05,88.21,21.39,41.12,40,60.16,128.71,4,1,12.11,-9,1,1,0,1
9558,1010,2,4,2,2,1,1,2, ,1,19.65,38.54,40.46,51.51,88.23,26.09,41.25,39.18,56.32,124.08,4,2,21.41,9.86,1,1,0,1
9569,1010,2,4,2,2,1,1,2, ,.13,32.22,35.58,51.52,82.17,102.78,32.02,46.97,67.52,107.02,125.44,4,2,21.41,9.86,1,1,1,1
9580,1011,2,4,1,2,1,1,2, ,.82,26.82,44.91, ,84.18,106.62,24.36,35.12, ,80.25,124.85,4,2,-9,-9,1,1,1,1
9608,1017,2,4,1,2,4,2,2,1.4, ,16.49,30.48, ,32.28,71.3,19.63,31.12, ,55.79,113.8,4,5,-9,-9, ,4,0,1
9641,1019,2,4,2,2,1,1,1, ,1.12,23.18,40.48, ,73.1,98.46,30.95,42.82, ,68.46,127.48,4,2,49.71,14.62,1,1,0,1
9693,1023,1,4,1,1,4,2,2,4.8, ,10.16,13.65, ,46.88,85.21,17.32,20.08, ,39.88,83.27,4,5,93,-9, ,4,0,1
9707,1024,2,4,1,2,1,1,2, ,.73,33.99,42.5, ,70.25,84.79,39.56,43.2, ,91.78,125.73,2,2,0,0,1,1,0,1
9721,1025,1,4,1,2,1,1,1, ,.24,20.9,33.53, ,56.04,91.49,27.45,37.96, ,80.54,135.5,4,1,4.93,4.71,1,1,0,1
9729,1025,2,4,1,2,1,1,2, ,.19,23.91,41.05, ,85.76,89.84,40.23,56.64, ,80.79,122.74,4,1,4.93,4.71,1,1,0,1
9784,1037,2,4,1,1,2,2,2, , ,20.9,22.08,26.97,38.88,71.06,25.08,27.38,38.52,45.06,102.23,4,3,-9,-9, ,2,0,1
9827,1040,1,4,1,2,3,1,2, ,.46,13.22,18.3,20.31,61.95,72.52,25.53,33.69,34.49,45.8,86.41,2,2,0,0,1,4,0,1
9857,1042,2,4,1,1,4,2,2,2.6, ,25.99,31.12,27.43,34.64,55.26,25.08,36.29,40.85,54.11,75.69,4,4,69.74,10.17, ,4,0,1
9872,1044,1,4,2,1,3,1,1, , ,9.41,19.86,17.67,26.59,60.44, , , , ,80.76,4,5,14.17,14.96, ,4,0,1
9895,1045,1,4,2,2,3,1,2, , ,21.49,23.54,28.89,52.08,77.91, ,34.52,42.48,59.78,118.03,1,2,0,0, ,4,0,1
9897,1045,2,4,1,2,1,1,2, ,.67,17.7,29.6,39.49,67.24,91.9,43.27,42.46,45.63,65.5,113.47,1,2,0,0,1,1,0,1
9900,1045,1,4,1,2,3,1,2, ,.96,43.48,55.96,72.53,78.48,105.07,36.46,46.8,47.06,79.22,132.39,1,2,0,0,1,4,1,1
9933,1052,2,4,1,2,5,2,2, ,.48, ,17.75,22.72,37.02,74.59, ,26.95,25.13,53.36,106.37,4,3,23.9,11.75,1,5,0,1
9944,1052,2,4,1,2,2,2,1, ,.18,40.66,43.7,56.01,86.39,114.58,106.99,77.71,113.98,118.98,130.55,4,3,23.9,11.75,1,2,1,1
9966,1053,2,4,2,1,1,1,2, , ,30.8,45.85,49.36,67.26,91.97,43.99,44.23,51.33,60.85,100.11,4,4,22.46,8.98, ,1,0,1
9983,1056,1,4,1,2,1,1,1, ,.35, ,51,62.43,84.18,112.71, ,51.17,55.83,94.61,139.1,1,2,5.54,1.26,1,1,1,1
10004,1061,1,4,1,2,1,1,1, ,1.18,34.69,42.86,46.22,57.23,87.58,35.77,51.82,46.9,77.85,124.81, , , , ,1,1,0,1
10008,1061,2,4,1,2,1,1,2, , ,37.38,42.18,48.07,60.59,98.76,41.93,47.33,56.67,74.49,116.56, , , , , ,1,0,1
10012,1061,1,4,1,2,1,1,1, ,.41,16.94,21.59,28.82,44.78,59.68,23.26,41.18,48.05,59.03,100.37, , , , ,1,1,0,1
10022,1068,2,4,1,2,1,1,2, ,1.51,32.45,46.5, ,59.84,111.43,34.11,43.03, ,70.81,133.46,4,4,-9,-9,1,1,1,1
10049,1071,1,4,2,2,1,1,2, ,.47,23.22,31.55,30.49,51.67,86.12,31.63,39.64,38.59,56.04,114.59,4,2,9.16,4.76,1,1,0,1
10105,1083,1,4,1,2,1,1,2, ,1.15,33.97,46.29, ,79.84,118.11,36.26,57.02, ,124.52,119.92,4,3,19.35,2.84,1,1,1,1
10113,1084,1,4,1,2,5,2,2, ,.92, , , ,49.13,100.84, , , ,58.68,90.42,4,4,87.42,5.07,1,5,1,1
10169,1088,2,4,2,2,4,2,2, , ,19.09,36.58, ,61.25,78.57,27.19,45.81, ,70.11,113.89,4,4,-9,-9, ,4,0,1
10236,1096,1,4,2,1,5,2,1,6.6, , , , ,54.77,73.3, , , ,64.51,101.83,4,4,71.97,11.36, ,5,0,1
10297,1099,1,4,1,1,4,2,2, , ,12.07,20.09,21.56,38.06,63.13, , ,25.21,46.11,93.13, , , , , ,4,0,1
10432,1113,1,4,1,2,2,2,2, , ,12.69,19.4, ,42.85,66.23,18.46,26.77, ,46.23,73.92, , , , , ,2,0,1
10453,1116,2,4,2,2,4,2,1, , ,14.1,18.27, ,40.44,69.75,16.15,37.38, ,45.72,92.27,1,5,28.57,4.08, ,4,0,1
10490,1119,1,4,1,2,1,1,2, ,1.22,20.27,27.59, ,57.88,76.26,20.49,27.93, ,56.61,108.19,1,2,-9,-9,1,1,0,1
10499,1119,2,4,2,2,1,1,2, ,.58,27.67,32.54, ,43.33,64.16,28.77,46.36, ,60.84,118.52,1,2,-9,-9,1,1,0,1
10520,1123,2,4,1,2,5,2,2, , ,15.95,21.64, ,49.28,59.15,26.11,37.43, ,40.54,93, , , , , ,5,0,1
10534,1123,1,4,1,2,5,2,2, , , ,45.44, ,55,92.8, ,43.04, ,80.01,92.89, , , , , ,5,0,1
10535,1123,1,4,1,1,5,2,2,2.6, ,23.46,33.77, ,65.12,84.84,26.38,49.29, ,77.74,125.1, , , , , ,5,0,1
10563,1125,1,4,2,2,3,1,2, , ,15.83,21.33, ,50.95,102.08, , , ,75.02,124.17,4,5,-9,-9, ,4,1,1
10582,1126,2,4,2,2,4,2,1, , ,14.21,15.87,24.37,24.8,46.06, , , , ,55.81, , , , , ,4,0,1
10603,1132,1,4,2,1,4,2,2, , ,15.67,33.37, ,61.05,80.75, ,38.62, ,95.72,124.32, , , , , ,4,0,1
10619,1133,1,4,1,2,1,1,2, , ,34.62,55.67, ,76.99,112.78,38.73,44.97, ,88.73,129.52,4,3,8.99,3.95, ,1,1,1
10654,1136,1,4,1,2,4,2,1, , ,10.79,28.08, ,42.36,76.85,16.95,32.95, ,43.72,77.88,4,5,-9,-9, ,4,0,1
10700,1142,1,4,2,2,4,2,1, , ,10.16,21.36, ,29.37,74.12, ,36.06, ,33.2,91.04, , , , , ,4,0,1
10735,1146,2,4,1,1,4,2,2,6, ,11.84,21.4,21.71,32.5,49.67, , , , , ,4,5,93,0, ,4,0,1
10757,1147,1,4,2,2,1,1,2, ,.18,23.4,32.58,42.26,60.02,94.72,39.13,52.97,47.55,73.71,118.95,4,4,-9,-9,1,1,0,1
10768,1148,1,4,1,2,1,1,2, ,1.06,21.89,34.44, ,46.54,91.14,26.94,36.94, ,79.78,116.49,1,4,-9,-9,1,1,0,1
10819,1155,2,4,2,2,1,1,2,1.4, ,15.35,21.58, ,50.8,57.14,17.69,37.99, ,55.27,102.54,4,5,87.05,10.07, ,1,0,1
10833,1156,1,4,2,2,1,1,2, ,.42,11.61,22.31, ,53.14,94.27,16.73,22.28, ,41.1,123.11,4,4,38.1,11.43,1,1,0,1
10902,1164,2,4,2,2,2,2,2, ,.54,34.89,39.77, ,61.54,76.42,50.7,82.5, ,121.54,120.71,2,5,93,0,1,2,0,1
10916,1165,1,4,1,2,1,1,2, ,.87,29.77,42.89,46.02,73.17,87.39,31.45,43.1,48.24,68.81,116.4,3,3,-9,-9,1,1,0,1
10921,1165,2,4,1,2,1,1,1, ,1.62,29.47,45.3,43.11,66.9,90.24,31.43,42.35,39.5,64.9,119.29,3,3,-9,-9,1,1,0,1
10980,1169,1,4,2,2,3,1,2, ,.83,19.06,52.98, ,61.76,111.7,27.58,47.22, ,93.92,137.22,4,5,90.89,4.69,1,4,1,1
10985,1169,2,4,1,1,3,1,2, , ,14.43,31.47, ,46.11,85.34, ,21.67, ,38.1,75.55,4,5,90.89,4.69, ,4,0,1
11109,1182,2,4,1,2,5,2,2, ,.2,20.45,38.89, ,54.62,82.61,26.1,41.26, ,73.25,114.69,4,3,28.11,7.37,1,5,0,1
11179,1190,2,4,2,1,3,1,2,1.4, ,15.66,29.44, ,49.27,86.71, ,39.21, ,88.95,116.93, , , , , ,4,0,1
11190,1191,1,4,1,2,5,2,2, ,.93,22.83,39.95, ,60.75,105.08,25.03,49.26, ,96.44,116.73,1,5,0,0,1,5,1,1
11336,1210,2,4,1,2,1,1,2, ,.77,13.57,24.48, ,58.71,81.6,18.13,25.87, ,61.16,103.6,4,4,-9,-9,1,1,0,1
11340,1210,1,4,2,2,1,1,2, ,.57,21.45,39.93, ,70.39,78.55,26.44,46.72, ,78.73,102.98,4,4,-9,-9,1,1,0,1
11379,1212,1,4,1,2,2,2,2, ,1.56,30.47,38.06,44.46,64.99,108.64,39.58,63.07,66.17,82.64,121.37,3,3,-9,-9,1,2,1,1
11421,1215,2,4,1,1,3,1,1,3.4, ,11.23,15.76, ,47.51,57.7,15.42,19.79, ,34.72,101.96,4,5,79.52,7.94, ,4,0,1
11500,1220,1,4,2,2,3,1,2, ,1.09,19.64,34.33, ,63.63,91.57,23.99,41.73, ,94.61,118.61,1,5,0,0,1,4,0,1
11520,1221,2,4,2,2,1,1,2, ,.55,22.5,28.76, ,53.1,82.16,26.31,47.25, ,71.81,113.98,4,2,-9,-9,1,1,0,1
11550,1224,1,4,2,2,4,2,1, , ,16.73,25.33, ,50.3,99.36,23.74,34.46, ,71.26,114.49,4,5,46.51,23, ,4,0,1
11578,1229,1,4,1,2,3,1,2, ,1.26,18.73,38.46,66.13,79,105.3,30.65,41.98,42.57,60.11,128.6,4,3,-9,-9,1,4,1,1
11603,1236,2,4,2,2,1,1,2, ,.71,19.9,25.71, ,58.45,84.91,23.36,34.84, ,70.56,112.56,4,3,-9,-9,1,1,0,1
11609,1236,1,4,2,2,1,1,2, ,.36,19.58,35.79, ,55.73,63.67,22.82,35.35, ,68.94,115.76,4,3,-9,-9,1,1,0,1
11672,1245,2,4,2,2,4,2,2, , ,18.82,31.2, ,59.37,81.32,28.38,38, ,62.49,105.24,4,3,5.45,.85, ,4,0,1
11674,1245,1,4,1,2,1,1,1, ,.13,15.32,22.98, ,43.44,66.78,18.88,27.82, ,78.33,102.63,4,3,5.45,.85,1,1,0,1
11689,1247,2,4,1,2,4,2,2, , ,17.96,33.24, ,54.73,98.1, ,36.19, ,73.71,105.41, , , , , ,4,0,1
11692,1247,2,4,2,2,4,2,2, , ,13.15,20.6, ,39.09,68.76,22.46,40.15, ,60.76,103.05, , , , , ,4,0,1
11699,1247,2,4,1,2,4,2,2, , ,15.66,16.61, ,39.72,87.57, , , ,47.33,80.17, , , , , ,4,0,1
11712,1248,2,4,2,1,3,1,2,5.4, , ,43.18, ,86.56,107.41, ,45.56, ,77.03,114.8,4,3,-9,23, ,4,1,1
11714,1249,2,4,1,2,5,2,1, ,.99,21.65,35.24,43.27,54.64,95.64,25.19,56.24,79.84,95.28,124.81,4,2,35.05,11.77,1,5,0,1
11727,1249,2,4,1,2,1,1,2, , ,16.95,27.44,32.35,50.01,81.93,28.4,39.4,36.66,76.33,108.28,4,2,35.05,11.77, ,1,0,1
11737,1251,2,4,1,2,1,1,2, ,.2,27.45,41.66,59.76,84.61,115.21,28.62,46.09,49.88,77.8,114.73,4,3,-9,-9,1,1,1,1
11762,1252,1,4,1,2,1,1,2, ,.05,35.93,45.06, ,59.67,111.95,40.96,44.61, ,89.92,128.17,4,3,25.52,8.47,1,1,1,1
11804,1256,2,4,2,1,4,2,2, , ,14.9,26.47, ,39.89,65.23,26.05,41.15, ,67.27,104.79, , , , , ,4,0,1
5540,1258,1,4,1,2,1,1,2, ,.73, ,49.09, ,78.12,107.73, ,51.26, ,96.52,130.75, , , , ,1,1,1,1
11824,1262,1,4,2,1,3,1,1, , ,17.64, , ,72.64,81.21,31.05, , ,69.53,102.12,4,4,46.08,13.88, ,4,0,1
11844,1264,1,4,2,2,3,1,2,4.1, ,11.92,22.19, ,53.44,56.5,15.55,28.87, ,52.92,71.57,4,4,76.92,23, ,4,0,1
11888,1268,1,4,1,2,3,1,2, ,1.02,14.91,18.75, ,50.29,60.79,16.82,19.33, ,45.49,80.38,4,5,-9,-9,1,4,0,1
12005,1275,2,4,2,2,1,1,2, , ,17.16,26.47,33.05,56.88,98.43,21.52,29.6,28.51,51.45,89.39,4,4,29.31,9.97, ,1,0,1
12052,1277,1,4,2,1,4,2,2, , , , , , ,48.9, , , , ,65.75,4,4,32.95,13.31, ,4,0,1
12097,2001,1,4,1,2,1,1,2, ,.68,38.21,40.9, ,79.4,92.47,43.84,55.26, ,104.18,133.71,1,1,3.93,2.68,1,1,0,1
626,2007,2,4,2,2,1,1,2, ,1.66, ,41.69, ,70.07,98.26, ,111.66, ,135.81,142.63, , , , ,1,1,0,1
12206,2046,2,4,2,2,1,1,2, , ,28.87,41.03,47.17,68.72,104.61,34.85,46.49,74.2,117.69,122.28,2,1,0,0, ,1,1,1
12247,2067,2,4,2,2,1,1,2, ,.09,49.48,59.43, ,85.18,112.33,55.37,61.63, ,102.57,130.44, , , , ,1,1,1,1
12266,2078,1,4,1,2,1,1,1, , ,11.87,27.26,25.12,36.58,67.22,17.99,22.86,31.86,47.56,77.7,4,1,30.93,11.86, ,1,0,1
12269,2078,1,4,1,2,1,1,2, , ,24.43,30.2,38.11,76.99,107.36,24.93,39.49,39.52,62.03,120.08,4,1,30.93,11.86, ,1,1,1
12297,2092,2,4,2,2,1,1,2, ,2.06,23.91,39.39, ,55.6,82.93,35.76,51.59, ,80.05,105.9,1,-9,-9,-9,1,1,0,1
12331,2111,2,4,1,2,4,2,2, , ,19.19,23.09, ,46.28,66.21,25.82,31.16, ,52.32,84.1,4,4,38.12,2.87, ,4,0,1
12367,2114,2,4,2,2,1,1,1, ,1.45,21.54,35.12, ,64.92,91.14,33.23,41.57, ,67.53,95.03,4,1,-9,-9,1,1,0,1
12386,2116,2,4,1,2,1,1,2, , ,28.82,36.65,42.27,65.79,103.23,39.06,39.62,43.45,79.47,122.98,4,4,47.16,14.2, ,1,1,1
12486,2127,2,4,2,2,3,1,2, , ,23.24,22.2, ,46.07,84.11,25.13,29.63, ,37.92,125.1, , , , , ,4,0,1
12580,3002,1,4,2,1,4,2,2,4.1, ,11.39,18.28,18.1,37.45,92.95, , , ,51.32,106.37, , , , , ,4,0,1
12590,3005,2,4,2,2,1,1,2, ,1.4,34.41,45.15, ,72.9,97.55,38.43,45.14, ,83.63,123.85,4,2,1.25,.5,1,1,0,1
12660,3009,1,4,2,2,1,1,2,3.4, ,17.41,22.88, ,38.55,64.04,19.27,41, ,56.32,95.5, , , , , ,1,0,1
12668,3011,1,4,1,2,1,1,1, , ,35.28,33.62, ,57.24,94.88,33.59,39.31, ,88.37,114.91,4,1,5.99,2.3, ,1,0,1
12695,3013,2,4,1,2,1,1,1, , ,22.15,36.57, ,54.17,97.07,36.49,44.49, ,73.28,134.63,4,2,28.85,23, ,1,0,1
12728,3015,1,4,1,2,2,2,2, , ,23.84,36.58, ,61.81,105.72,25.31,41.15, ,70.4,122.11, , , , , ,2,1,1
12795,3021,2,4,1,2,3,2,2, , , , , ,70.52,77.29, , , ,60.96,73.27,4,3,63.01,19.69, ,4,0,1
12822,3023,1,4,1,2,1,1,2,1.4, ,22.58,30.96,44.71,51.03,75.98,19.33,35.26,49.89,49.46,96.39,4,-9,74.17,12.78, ,1,0,1
12870,3027,1,4,1,2,4,2,2, ,.29,20.1,28.58, ,50.28,104.13,23.58,35.81, ,92.8,124.96,4,2,15.53,10.03,1,4,1,1
12880,3028,2,4,1,2,1,1,2, ,1.85,30.08,41.37, ,75.27,94.28,23.94,44.87, ,73.46,114.12,4,1,.62,.62,1,1,0,1
12897,3029,2,4,2,1,1,1,1, , ,21.8,35.96, ,59.44,93.92,38.81,59.12, ,90.66,128.88,4,3,27.44,23, ,1,0,1
12906,3030,2,4,2,2,1,1,2, ,.24,31.43,47.64, ,72.95,103.12,47.51,84.24, ,114.28,134.12,4,2,25.68,5.26,1,1,1,1
12922,3031,1,4,1,2,1,1,2, , ,16.9,27.98, ,37.34,96.36,26.19,33.73, ,53.17,114.42,4,2,21.41,23, ,1,0,1
12950,3033,1,4,1,2,1,1,2, , ,44.74,55.63, ,73.1,96.08,36.8,39.26, ,81.08,115.1,4,2,18.35,9.17, ,1,0,1
13000,3038,2,4,2,2,1,1,2, ,.72,32.53, ,40.25,66.15,106.63,25.54, ,57.83,82.48,122.41,4,1,47.65,14.08,1,1,1,1
13002,3038,2,4,2,1,1,1,2, , ,14.99,26.96,33.97,52.54,80.76,20.75,30.4,37.94,77.46,103.76,4,1,47.65,14.08, ,1,0,1
13012,3040,2,4,2,2,1,1,2, , ,27.87, , ,77.47,95.36,35.61, , ,66.42,133.09,4,1,31.47,11.68, ,1,0,1
13088,3046,2,4,1,2,1,1,2, ,.12,21.34,32.78, ,61.68,87.6,28.4,39.21, ,76.5,116.65,4,1,13.55,.9,1,1,0,1
13127,3048,1,4,2,2,1,1,1, ,1.74,13.02,17.37,20.25,33.33,49.39,19.99,31.67,33.69,63.48,102.29,4,2,3.44,1.02,1,1,0,1
13142,3052,2,4,2,2,5,2,1, ,.81,43.18,43.73, ,63.75,104.98,81.35,82.67, ,118.06,134.9,4,3,-9,-9,1,5,1,1
13211,3063,2,4,2,2,1,1,2, ,.42,23.67,33.85, ,55.87,76.42,27.6,40.49, ,61.79,108.47,4,3,24.74,4.74,1,1,0,1
13260,3070,2,4,2,2,1,1,1,4.8, ,7.87,15.13, ,30.04,50.95,16.76,16.64, ,34.13,74.89,4,1,30.04,13, ,1,0,1
13272,3070,1,4,1,2,1,1,2, , ,14.88,27.04, ,50.76,80.47,17.61,27.32, ,52.07,89.71,4,1,30.04,13, ,1,0,1
13291,3072,2,4,1,2,1,1,1, ,.09,10.7,24.23, ,52.91,73.64,22.67,27.84, ,54.32,90.79,4,1,23.57,7.86,1,1,0,1
13340,3077,1,4,1,2,1,1,2, ,.75,22.59,34.94, ,74.08,110.93,35.13,41.49, ,79.77,112.57,4,1,-9,-9,1,1,1,1
13350,3077,2,4,2,2,1,1,2, ,.55,16.43,29.33, ,54.23,94.87,25.69,33.81, ,70.51,121.14,4,1,-9,-9,1,1,0,1
13383,3082,1,4,1,2,1,1,2, ,.67,20.67,39.95, ,67.81,90.36,19.52,51.39, ,73.7,105.35,4,1,36.43,12.64,1,1,0,1
13514,3107,2,4,1,1,2,2,2, , ,22.77,29.37, ,53.5,85.92,33.93,62.38, ,76.54,101.82,4,4,-9,-9, ,2,0,1
13516,3107,2,4,2,2,2,2,2, , ,28.15,29.98, ,50.52,88.86,39.69,54.93, ,81.27,97.45,4,4,-9,-9, ,2,0,1
13559,3113,1,4,1,2,1,1,2,1.4, ,19.4,26.92,37.58,50.2,73.96,20.13,47.69,54.8,88.29,96.49, , , , , ,1,0,1
13561,3113,1,4,2,2,1,1,2, ,.43,14.37,23.56,37.16,46.76,97.46,22.91,46.75,46.6,61.17,119.39, , , , ,1,1,0,1
3872,4068,2,4,1,2,2,2,2, ,.43, , , , ,109.49, , , , ,134.88, , , , ,1,2,1,1
9697,4127,1,4,2,2,1,1,1, , ,24.05,34.3, ,61.12,81.86,31.66,37.55, ,56.04,109.82, , , , , ,1,0,1
3519,4136,1,4,2,1,5,2,2,2.6, , , , , , , , , , , , , , , , ,5, ,1
7716,4218,2,4,1,2,1,1,2, , ,26.14, , ,54.27,76.99,28.3, , ,96.95,123.01, , , , , ,1,0,1
8389,4322,1,4,1,2,2,2,1, , ,17.32,25.65, ,55.56,78.77,22.65,34.13, ,81.64,104.76, , , , , ,2,0,1
1585,4431,1,4,2,1,2,2,2,3.4, ,21.28,29.09, ,43.61,59.95,25.68,38.02, ,65.45,98.98, , , , , ,2,0,1
1590,4431,2,4,1,1,2,2,1,3.4, ,17.7,23.99, ,53.42,93.8,27.35,63.93, ,105.27,129.52, , , , , ,2,0,1
9087,4469,2,4,1,2,3,1,2, , ,14.73,23.89, ,51.21,74.88,15.5,22.66, ,59.23,91.84, , , , , ,4,0,1
5723,5010,1,4,1,1,1,1,2, , , ,29.38, ,58.97,104.57, ,32.59, ,77.08,115.89, , , , , ,1,1,1
3193,5017,2,4,1,2,1,1,1, ,.32,35.05,51.04,68.23,79.89,100.31,30.62,41.61,45.53,69.45,125.23, , , , ,1,1,1,1
3298,5017,2,4,1,2,1,1,2, ,.41,33.11,37.82,46.97,72.13,105.25,36.08,45.43,74.24,97.98,122.43, , , , ,1,1,1,1
4740,5029,1,4,2,2,1,1,2, ,.74,27.36,40.72, ,69.96,95.65,46.83,70.02, ,120.52,138.45, , , , ,1,1,0,1
2348,5049,1,4,2,2,1,1,1, , ,27,39.09,41.73,68.35,86.87,28.62,31.58,40.24,64.8,122.9, , , , , ,1,0,1
1697,5051,1,4,1,2,1,1,2, , ,18.49,29.39,44.32,32.83,68.56,25.95,37.41,43.83,47.4,89.63, , , , , ,1,0,1
11405,5078,1,4,2,1,3,1,2, , ,13.81,22.57,38.98,49.96,83.2, , , , ,91.37, , , , , ,4,0,1
3092,5108,2,4,1,2,1,1,2, ,.01,24.66,38.16, ,79.85,105.8,29.68,40.08, ,73.3,105.27, , , , ,1,1,1,1
12379,5146,2,4,2,2,1,1,2, ,.75,20.51,32.27, ,61.5,103.51,27.02,32.59, ,65.94,125.36, , , , ,1,1,1,1
471,5190,2,4,1,1,4,2,1,3.4, ,10.16,14.71,22.09,40.76,66.21, , ,22.7,41.8,89.31, , , , , ,4,0,1
487,5190,2,4,2,2,5,2,2,2.6,.02, ,16.55,20.26,46.93,72.61, ,35.1,35.71,53.27,89.85, , , , ,1,5,0,1
10669,5201,1,4,1,2,4,2,2, , ,16.93,26.87, ,47.35,98.83,17.92,38.3, ,48.49,99.82, , , , , ,4,0,1
3115,5206,1,4,1,2,3,2,2,1.4, ,26.18,28.91,38.63,36.43,63.9,36.08,41.9,44.99,70.55,123.36, , , , , ,4,0,1
806,5213,1,4,1,1,2,2,2, , ,16.67,24.59,27.68,34.62,54.63,22.19,30.19,34.18,43.18,53.98, , , , , ,2,0,1
346,5216,2,4,1,2,1,1,2, , ,30.76,39.02,50.69,73.03,103.42,30.17,34.79,38.75,66.89,114.01, , , , , ,1,1,1
2235,5232,1,4,2,2,1,1,1, , ,21.69,27.1,32.78,52.41,88.05,32.48,48.54,45.69,80.56,117.91, , , , , ,1,0,1
1673,5233,2,4,1,2,1,1,1, ,.3,20.67,28.45,52.89,56.62,100.95,25.44,40.21,46.34,80.62,111.61, , , , ,1,1,1,1
6415,5260,1,4,2,2,1,1,2, , ,20.95,35.28,33.78,56.9,94.85,33.99,42.74,46.75,105.25,132.16, , , , , ,1,0,1
4875,5287,2,4,2,2,1,1,2, ,1.02,24.01,37.87,45.26,55.81,89.23,31.74,39.87,52.93,75.77,121.29, , , , ,1,1,0,1
8867,5461,1,4,1,2,1,1,2, ,1.05,41.34,51.18, ,82.66,109.4,51.55,65.85, ,106.14,140.28, , , , ,1,1,1,1
3111,5539,1,4,1,1,3,1,2, , ,7.77, , ,41.67,87.49, , , ,56.77,96.07, , , , , ,4,0,1
414,5545,1,4,1,2,1,1, , ,.96,37.18,48.06, ,82.89,110.22,32.99,41.5, ,87.35,134.43, , , , ,1,1,1,1
5588,5552,1,4,2,2,1,1,2, ,.96,27.44,39.84,41.01,71.13,91.05,25.05,40.83,46.6,82.1,116.2, , , , ,1,1,0,1
4763,5563,2,4,1,2,1,1,1, ,.41,31.15,36.6, ,71.76,106.92,35.6,46.18, ,68.05,110.34, , , , ,1,1,1,1
4680,5566,1,4,2,2,1,1,2, ,1.44,32.05,43.34, ,74.98,105.8,39.42,45.54, ,88.85,134.94, , , , ,1,1,1,1
13496,5574,2,4,1,2,1,1,1, ,.84,23.46,45.87,50.13,67.73,101.86,36.93,52.28,53.26,87.19,136.85, , , , ,1,1,1,1
11630,5727,1,4,2,1,5,2,1, , , ,29.7, , ,104.79, ,48.64, , ,128.16, , , , , ,5,1,1
12634,5738,1,4,2,2,1,1,2, ,.35,21.8,23.67, ,58.36,90.77,25.72,28.71, ,63.19,113.45, , , , ,1,1,0,1
9599,6001,1,4,2,2,4,2,1, , ,19.68,30.82, ,49.85,75.93,23.71,35.09, ,88.56,116.47, , , , , ,4,0,1
1,6005,2,4,2,2,1,1,2, ,1.37,39.55,53.2, ,68.38,102.67,42.93,74.89, ,129.63,143.97, , , , ,1,1,1,1
27,6028,2,4,2,1,5,2,2,2.6, ,17.63,23.33, ,51.36,96.67,24.47,28.44, ,74.56,114.14, , , , , ,5,0,1
1548,6039,2,4,1,2,2,2,1,2.6, ,12.4,31.01,24.35,39.04,80.79,17.72,19.98,23.56,50.94,106.27, , , , , ,2,0,1
1778,6040,2,4,1,2,1,1,1, , , ,30.65,38.77,46.09,62.54, ,31.82,33.92,60.86,100.5, , , , , ,1,0,1
13548,6054,1,4,2,2,2,2,2, ,.01,12.9,19.64, ,30.19,66.53,15.33,22.37, ,52.25,89.09, , , , ,1,2,0,1
5391,6175,1,4,1,1,3,1,2,11.1, , , , ,32.05,90.62, , , ,30.14,114.46, , , , , ,4,0,1
1589,6199,2,4,2,1,2,2,2, , ,9.9,28.04, ,59.93,97.35,17.83,29.49, ,70.93,103.42, , , , , ,2,0,1
1736,6204,2,4,2,2,1,1,2, ,1.38,24.6,38.62, ,72.61,101.48,38.18,43.16, ,81.78,133.31, , , , ,1,1,1,1
8624,6218,1,4,1,2,4,2,2, ,1.06,24.69,42.29, , ,110.92,41.11,56.44, , ,123.44, , , , ,1,4,1,1
6060,6248,2,4,1,2,2,2,2, ,.37,16.26,33.17, ,60.56,87.07,18.15,33.64, ,76.43,110.52, , , , ,1,2,0,1
2083,6290,1,4,2,2,1,1,1,1.4, ,35.42,48.54, ,66.73,105.71,51.4,59.48, ,108.81,141.35, , , , , ,1,1,1
2395,6317,1,4,1,2,2,2,1, ,.83,21.12,41.46, , ,80.11,20.16,33.05, , ,113.69, , , , ,1,2,0,1
8081,7003,1,4,2,2,2,2,2, ,.16,33.16,34.1, ,57.02,91.28,42.04,46.29, ,75.83,125.49, , , , ,1,2,0,1
5476,7023,1,4,2,2,1,1,2, , ,31.21,35.79, ,58.19,87.62,41.06,54.7, ,110.34,135.95, , , , , ,1,0,1
2708,7025,2,4,2,2,1,1,2, ,.43,14.96,35.49,40.29,60.79,99.6,21.59,27.96,37.07,47.91,106.52, , , , ,1,1,0,1
3197,7052,1,4,2,2,1,1,2, ,1.08,32.62,52.47,72.76,89.73,98.98,40.14,54.31,60.22,86.94,125.2, , , , ,1,1,0,1
3868,7053,2,4,1,2,2,2,2, , ,20.27,40.02, ,62.7,93.64,34.98,59.15, ,90.67,125.08, , , , , ,2,0,1
4519,7054,1,4,1,2,1,1,2, ,1.59,52.66,66.9, ,84.54,110.08,87.27,101.29, ,132.25,144.33, , , , ,1,1,1,1
4521,7054,2,4,2,2,1,1,2, , ,26.25,42.72, ,98.75,104.25,20.95,44.21, ,84.43,114.77, , , , , ,1,1,1
4528,7054,2,4,1,2,1,1,2, , ,14.46,33.43, ,98.75,88.54,15.95,38.55, ,83.27,106.38, , , , , ,1,0,1
4824,7055,1,4,1,2,1,1,2, , ,26.6,43.1, ,58.48,90.16,31.22,48.15, ,86.99,121.44, , , , , ,1,0,1
8214,7057,1,4,1,2,1,1,2, , ,34.51,41.52, ,90.6,94.56,26.74,44.72, ,79.52,124.53, , , , , ,1,0,1
1974,7073,2,4,2,2,1,1,2, ,.51,30.51,63.94,68.46,94.74,113.69,41.01,103.22,98.77,117.49,135.21, , , , ,1,1,1,1
1976,7073,1,4,1,2,1,1,1, ,.09,25.64,33.25,50.53,73.17,103.49,30.26,42.75,54.75,113.37,140.11, , , , ,1,1,1,1
337,7075,2,4,1,2,1,1,2, ,1.4,31.5,52.29, ,87.9,110.6,43.84,91.52, ,133.71,140.97, , , , ,1,1,1,1
5581,7098,1,4,2,2,5,2,2, ,1.07, ,30.6, ,52.28,79.59, ,38.17, ,62.2,120.2, , , , ,1,5,0,1
8079,7101,2,4,2,1,1,1,2, , ,22.1,19.67, ,37.79,82.5,31.04,36.37, ,61,125.73, , , , , ,1,0,1
5990,7133,2,4,2,2,1,1,1, ,.29, ,37.56, ,66.1,97.14, ,41.47, ,80.75,128.21, , , , ,1,1,0,1
3790,7147,2,4,2,1,2,2,1,2.6, ,19.24,22.05, ,54.6,96.33,32.36,36.19, ,70.63,118.52, , , , , ,2,0,1
2473,7165,2,4,2,2,1,1,2, ,2.06,38.87,47.2, ,84.84,107.14,34.51,49.44, ,69.14,113.02, , , , ,1,1,1,1
6929,7167,1,4,1,2,5,2,2, ,1.26,24.15,30.76,33.53,54.29,96.08,33.04,40,52.91,87.91,138.56, , , , ,1,5,0,1
3759,7171,2,4,2,1,3,2,1, , ,16.41,25.19, ,43.61,76.56,31.72,31.39, ,39.79,91.69, , , , , ,4,0,1
9978,7173,2,4,2,2,4,2,1, ,.26,13.59,37.03, ,64.98,82.2,22.08,43.37, ,91.05,130.39, , , , ,1,4,0,1
854,7218,2,4,2,2,1,1,2, ,.84,25.1,33, ,50.58,90.85,55.62,67.7, ,97.61,115.61, , , , ,1,1,0,1
13452,7289,1,4,2,2,1,1,2, ,1.32,31.71,48.16,53.6,88.89,109.47,38.46,55.89,69.64,97.17,128.05, , , , ,1,1,1,1
8767,7336,1,4,1,1,2,2,1,9.3, ,17.68,17.82, ,45.4,71.17,20.86,32.6, ,40.5,69.28, , , , , ,2,0,1
9174,7347,1,4,1,2,3,1,2, , ,11.76,22.29, ,51.2,81.58,17.5,29.97, ,46.01,87.01, , , , , ,4,0,1
9630,7360,1,4,2,2,3,1,2, , ,8.93,20.69, ,36.2,55.64,19.97,23.78, ,60.33,102.08, , , , , ,4,0,1
351,7377,1,4,1,2,1,1,1, ,.54, , ,23.34,46.21,79.9, , ,36.65,66.34,117.54, , , , ,1,1,0,1
347,7378,2,4,1,2,2,2,2, , ,29.66,40.91,41.21,58.64,103,34.2,52.37,77.4,96.02,127.06, , , , , ,2,1,1
4428,7386,1,4,2,2,1,1,2, ,.4,28.25,47.72, ,76.45,109.99,26.39,49.49, ,76.42,139.02, , , , ,1,1,1,1
5313,7388,2,4,1,2,1,1,2, , , ,31.15, ,63.8,76.65, ,33.51, ,60.21,92.73, , , , , ,1,0,1
4307,7390,2,4,2,2,1,1,1, ,.66,14.94,24.14,35.48,66.21,99.15,17.91,22.78,30.87,44.59,103.53, , , , ,1,1,0,1
4643,7393,1,4,1,1,1,1,1,8.3, ,32.46,66.89, ,98.75,107.65,27.55,32.34, ,71.12,117.3, , , , , ,1,1,1
3242,7397,2,4,1,1,2,2,2,8.8, ,19.49,23.68, ,48.75,58.89,26,36.68, ,46.36,91.04, , , , , ,2,0,1
3546,7401,2,4,1,2,1,1,2, ,.1, ,37.56,43.6,58.61,100.64, ,41.41,44.54,56.45,107.52, , , , ,1,1,1,1
348,7446,2,4,2,2,1,1,2, , , ,35.78,36.68,60.92,81.81, ,34.08,38.07,65.05,112.74, , , , , ,1,0,1
1389,7472,1,4,1,1,3,2,1,9.3, , ,20.98, ,39.89,81.31, ,28.92, ,47.49,92.6, , , , , ,4,0,1
1393,7472,1,4,2,1,2,2,2,4.1, ,12.04,18.98, ,25.04,53.19,15.12,23.16, ,52.37,95.74, , , , , ,2,0,1
6181,7510,2,4,1,2,2,2,2, ,.79,27.52,38.59,44.17,72.32,95.84,35.92,47.4,58.01,91.8,121.19, , , , ,1,2,0,1
6298,7519,2,4,2,2,1,1,1, ,.3,22.03,32.16,32.48,67.26,94.81,24.94,42.4,40.73,70.64,137.4, , , , ,1,1,0,1
7958,7574,1,4,2,1,2,2,2,1.4, ,17.43,29.58,32.85,39.43,55.11,22.57,38.85,35.5,66.96,94.64, , , , , ,2,0,1
8796,7595,2,4,2,2,4,2,2, , ,22.46,35.08, ,56.42,87.77,23.7,42.19, ,88.55,114.46, , , , , ,4,0,1
8812,7596,1,4,1,2,4,2,2, ,1.11,22,55.88, , ,80.46,24.36,38.89, , ,105.27, , , , ,1,4,0,1
10333,7656,1,4,1,1,4,2,2, , ,15.53,27.29, ,48.54,94.13, , , , ,93.6, , , , , ,4,0,1
10569,7673,1,4,1,2,3,1,2,6, ,16.58,26.41, ,54.42,97.4,19.47,26.84, ,62.94,117.95, , , , , ,4,0,1
2310,7813,2,4,2,2,1,1,1,1.4, ,22.52,36.21, ,61.61,101.54,26.34,41.48, ,99.17,112.98, , , , , ,1,1,1
6603,7828,2,4,2,2,3,1,1, ,.19,14.08,27.68, ,42.65,75.28,17.84,23.36, ,53.71,92.49, , , , ,1,4,0,1
6646,7949,1,4,2,2,2,2,2, , ,18.91,24.55, ,35.8,90.2,30.24,31.63, ,53.43,113.81, , , , , ,2,0,1
4298,7975,1,4,1,2,1,1,2, ,1.14,28.73,52.74,28.29,97.39,112.05,34.18,51.37,33.96,81,133.53, , , , ,1,1,1,1
1208,7979,1,4,1,2,1,1,2, ,1.21,28.31,47.51, ,88.12,109.41,37.78,41.57, ,79.29,121.32, , , , ,1,1,1,1
970,7990,2,4,1,2,2,2,1, , ,13.12, ,27.07,37.55,73.02,20.6, ,24.34,35.63,97.97, , , , , ,2,0,1
1499,7996,2,4,1,2,2,2,2, ,.08,36.5,43.33,60.43,62.45,87.51,80.6,83.25,89.77,99.28,118.51, , , , ,1,2,0,1
3057,8007,2,4,1,2,1,1,1, , ,17.78,17.29,23.95,22.86,39.85,22.96,25.78,32.97,43.61,67.59, , , , , ,1,0,1
6465,8041,2,4,2,2,1,1,2, , ,22.36,39.41, ,59.65, ,24.52,40.52, ,68.85, , , , , , ,1, ,1
6785,8052,1,4,2,2,4,2,2, , ,21.8,36.29,41.29,77.31,106.48,37.52,43.07,49.31,109.33,137.25, , , , , ,4,1,1
11749,8102,2,4,2,2,1,1,1,2.6, ,36.82, , , ,102.33,51.17, , , ,129.18, , , , , ,1,1,1
13562,8119,2,4,2,1,3,1,1,2.6, ,30.1,38.51,51.28,55.79,104.18,35.04,38.81,43.73,63.8,119.58, , , , , ,4,1,1
2563,8135,2,4,2,2,3,2,2, , ,12.17,20.63, ,41.87,58.7,15.91,31.35, ,61.77,100.26, , , , , ,4,0,1
8054,8148,2,4,2,2,1,1,2, ,.67, ,34.65,41.06,63.23,80.83, ,53.36,64.75,99.68,112.37, , , , ,1,1,0,1
9184,8149,1,4,1,2,3,1,1, , ,17.78,24.09, ,44.01,80.74, , , ,53.66,91.31, , , , , ,4,0,1
2337,8176,2,4,2,2,1,1,1, , ,18.09,22.59, , ,78.3,20.18,27.27, , ,91.49, , , , , ,1,0,1
12411,8221,2,4,2,2,1,1,2, ,.4,23.59,35.1, ,51.49,96.14,23.42,40.5, ,53.84,114.49, , , , ,1,1,0,1
9512,8223,1,4,1,2,1,1,1, ,.82,23.04,28.43, ,48.07,92.47,26.55,39.46, ,69.52,131.82, , , , ,1,1,0,1
5442,8267,2,4,2,2,1,1,1, ,.03,13.53,17.71, ,24.99,52.12,25.07,26.02, ,53.91,81.65, , , , ,1,1,0,1
8814,8292,1,4,2,2,3,1,1, , ,13.61,16.47,23.04,53.77,63.31, , , , ,61.63, , , , , ,4,0,1
3144,8300,2,4,2,2,2,2,2, ,1.05,51.94,50.36,54.21,77.83,98.65,49.06,62.13,67.24,85.29,116.01, , , , ,1,2,0,1
3466,8367,2,4,2,2,1,1,2, , ,29.33,44.7, ,64.51,106.78,29,39.66, ,88.71,125.4, , , , , ,1,1,1
11851,8434,2,4,1,2,3,1,1, , ,20.94,37.5,42.98,48.32,105.33,30.92,45.55,49.11,69.58,131.72, , , , , ,4,1,1
11623,8526,2,4,2,1,4,2,2,7.2, ,12.7,25.08, ,35.01,88.49, ,29.63, ,59.37,95.08, , , , , ,4,0,1
11487,8528,1,4,1,2,5,2,2, ,.62,39.81,55.78, ,67.41,114.38,32.77,45.62, ,78.38,125.9, , , , ,1,5,1,1
11093,8636,1,4,1,2,1,1,1, ,.06,17.53,35.56,41.93,65.44,99.01,21.03,31.15,39.41,49.78,91.75, , , , ,1,1,0,1
5424,8637,2,4,1,2,5,2,2, ,.46,18.71,19.78, ,60.24, ,28.28,35.89, ,47.01, , , , , ,1,5, ,1
11732,8638,2,4,2,1,4,2,2, ,.16,23.13,33.96,43.58,55.58, ,32.8,38.03,46.64,93.46, , , , , ,1,4, ,1
1186,8641,2,4,1,1,4,2,2, , ,22.97,28.4, ,48.65,95.55,22.68,24.99, ,41.61,115.73, , , , , ,4,0,1
4695,9238,1,4,2,2,1,1,1,7.2, ,16.56,32.48,38.89,51.9,82.1,24.34,34.4,40.72,53.8,85.71, , , , , ,1,0,1
2285,9995,1,4,2,1,2,2,1,5.4, ,23.87,36.94,32.79,73.61, ,25.13,39.32,41.08,79.92, , , , , , ,2, ,1
2340,9995,1,4,1,2,1,1,1, , ,16.15,23.59,33.45,49.82, ,19.18,27.52,37,55.59, , , , , , ,1, ,1
3780,9995,2,4,1,2,1,1,2, , ,24.07,39.78, ,68.1, ,29.9,31.16, ,89.05, , , , , , ,1, ,1
7390,9995,2,4,1,2,1,1,2, , ,27.14,28.87, ,61.38, ,29.97,36.16, ,82.98, , , , , , ,1, ,1
12566,9995,2,4,1,1,3,1,2,6, ,16.33,21.29, ,51.59, , ,29.97, ,45.65, , , , , , ,4, ,1
3005,9997,2,4,1,2,1,1,1,4.1,.15,9.97,16.61,16.68,32.75, ,18.19,27.09,25.13,38.47, , , , , ,1,1, ,1
4775,9997,2,4,2,2,1,1,2, ,.04,27.58,41.45,44.94,61.52, ,35.62,46.11,50.48,70.48, , , , , ,1,1, ,1
4954,9997,1,4,2,2,1,1,1, , ,19.42,37.41, ,50.18, ,20.25,36.57, ,68.41, , , , , , ,1, ,1
5984,9997,1,4,2,2,2,2,2, , , ,23.14,26.58, , , ,30.93,36.56, , , , , , , ,2, ,1
7781,9997,1,4,1,2,2,2,2, , ,17.9,38.02, ,61.68, ,22.8,28.74, ,41.16, , , , , , ,2, ,1
11860,9997,2,4,1,2,2,2,1, ,.16,19.37,40.71,46.46, , ,19.03,41.4,33.78, , , , , , ,1,2, ,1
12322,9997,2,4,2,2,1,1,2, , ,24.09,42.07, ,66.27, ,32.53,47.66, ,68.27, , , , , , ,1, ,1
12534,9997,1,4,1,2,1,1,1, ,.37,22.1,41.28, ,56.24, ,29.18,38.19, ,74.25, , , , , ,1,1, ,1
12907,9997,1,4,2,2,1,1,2, ,1.15,20.31,38.62, ,72.36, ,26.34,33.41, ,75.67, , , , , ,1,1, ,1
12957,9997,2,4,2,2,1,1,1, ,1.08,16.73,31.21, ,47.12, ,26.9,37.04, ,60.98, , , , , ,1,1, ,1
